nameseq,A_AA,A_AC,A_AG,A_AT,A_CA,A_CC,A_CG,A_CT,A_GA,A_GC,A_GG,A_GT,A_TA,A_TC,A_TG,A_TT,C_AA,C_AC,C_AG,C_AT,C_CA,C_CC,C_CG,C_CT,C_GA,C_GC,C_GG,C_GT,C_TA,C_TC,C_TG,C_TT,G_AA,G_AC,G_AG,G_AT,G_CA,G_CC,G_CG,G_CT,G_GA,G_GC,G_GG,G_GT,G_TA,G_TC,G_TG,G_TT,T_AA,T_AC,T_AG,T_AT,T_CA,T_CC,T_CG,T_CT,T_GA,T_GC,T_GG,T_GT,T_TA,T_TC,T_TG,T_TT,label
URS000006F838/Thermoanaerobacter,17,2,1,0,1,2,0,0,1,0,2,0,0,0,0,2,0,0,1,0,0,10,0,1,0,0,0,0,0,0,0,2,3,0,1,0,0,0,0,0,2,0,9,1,0,0,0,1,3,0,1,0,0,0,0,0,0,0,2,0,2,0,1,9,miRNA
URS0000283DEC/Oscillatoriales,1,0,2,14,0,0,0,2,0,2,0,1,2,1,1,4,1,0,0,1,3,0,0,0,1,1,1,0,0,1,0,2,1,2,1,1,0,0,2,1,0,2,0,1,1,1,2,1,0,0,3,3,1,1,2,0,2,0,1,3,18,1,0,1,miRNA
URS000020C75E/Pseudomonas,1,0,0,1,0,1,1,0,1,2,4,0,1,0,0,0,2,0,1,1,0,1,1,2,2,4,0,1,0,1,0,1,1,0,3,0,1,3,3,2,1,2,0,0,1,1,3,0,0,0,2,0,0,1,2,0,0,2,1,0,0,0,0,0,miRNA
URS00002CF439/Capnocytophaga,3,1,0,2,1,1,1,1,1,3,2,2,1,1,2,3,1,1,0,2,1,1,1,1,3,1,1,0,1,2,1,0,1,1,2,0,2,0,1,4,2,1,1,0,2,2,1,2,2,1,5,2,1,0,2,0,2,1,0,1,0,1,1,2,miRNA
URS00002D2BC5/Rhizobium,0,0,2,0,0,3,0,1,0,1,2,0,0,1,0,1,1,2,0,0,1,1,3,1,2,3,1,0,0,1,0,2,0,1,2,0,1,1,1,1,2,1,2,3,3,1,1,1,0,0,2,1,0,1,2,1,0,0,2,1,0,2,0,0,miRNA
URS0000326346/Prevotella,3,1,1,2,1,1,0,3,3,0,5,1,2,3,5,2,3,0,0,3,1,3,0,2,0,0,0,0,4,1,0,1,3,0,5,0,1,1,0,2,2,0,1,4,2,0,2,1,4,4,2,2,1,2,0,1,3,1,1,2,0,2,0,2,miRNA
URS00002EE34B/Pseudomonas,2,1,1,3,0,2,1,3,2,1,1,0,1,0,1,1,1,1,0,1,1,2,0,1,1,5,0,1,2,1,1,3,0,1,5,0,1,0,2,2,1,1,0,1,0,3,2,0,2,0,0,0,2,1,2,1,0,2,3,0,1,0,0,2,miRNA
URS00003B57B0/Rivularia,5,0,6,3,1,0,1,5,2,0,8,0,2,6,3,1,4,0,0,0,0,4,0,3,0,0,0,0,4,3,0,2,4,0,6,1,0,0,0,0,14,0,8,3,1,0,0,0,2,6,3,2,1,0,0,6,0,0,1,1,2,2,0,5,miRNA
URS000035ED5D/Capnocytophaga,14,2,3,2,2,4,1,0,1,3,1,3,5,2,0,4,6,1,1,1,3,1,0,2,1,1,1,1,0,2,1,2,0,1,2,2,2,1,1,3,1,1,0,0,0,1,1,2,4,1,4,2,1,0,2,1,3,1,0,1,2,2,1,1,miRNA
URS00003E1E75/Capnocytophaga,2,1,1,0,1,2,0,0,3,1,2,1,1,1,0,1,1,0,1,0,1,0,1,2,3,1,1,2,0,1,1,3,1,1,0,1,2,1,1,3,0,1,0,0,0,1,3,4,0,3,3,1,1,1,1,1,0,1,1,2,0,2,3,5,miRNA
URS00003CFD19/Desulfobacter,4,0,1,1,1,1,1,0,1,1,2,0,1,2,1,0,1,0,0,0,0,0,0,0,0,3,0,1,1,0,0,3,0,0,1,0,0,0,1,1,0,0,0,0,1,0,1,2,4,1,1,3,1,0,0,2,1,0,0,0,2,0,0,4,miRNA
URS000053415E/Lachnospiraceae,3,1,4,2,3,1,1,2,3,2,1,0,2,2,1,1,1,2,1,1,2,0,1,0,3,0,3,0,1,0,0,2,0,3,2,0,2,1,0,2,0,0,0,0,1,0,0,2,5,1,0,1,2,0,0,0,0,2,0,1,0,2,0,1,miRNA
URS00003F18A8/Capnocytophaga,0,2,2,3,1,0,5,1,0,1,2,2,3,1,1,0,0,1,0,1,0,1,1,1,1,0,1,4,2,0,1,2,2,1,2,1,0,0,0,0,1,3,1,1,5,1,2,2,6,1,1,1,1,2,2,0,1,0,2,2,0,1,0,2,miRNA
URS00004159DF/Ralstonia,2,3,0,1,1,0,3,2,2,2,5,0,0,1,1,4,2,0,3,1,0,4,3,1,2,1,4,3,1,2,2,2,6,0,1,2,1,2,4,3,4,4,2,2,1,1,2,2,2,1,2,1,1,3,3,0,2,2,2,1,0,5,1,3,miRNA
URS000045437B/Prevotella,7,3,0,2,3,3,0,5,3,1,5,1,1,8,4,4,1,2,2,8,3,12,1,4,3,1,1,0,4,5,3,2,1,2,7,0,4,0,0,3,3,0,0,4,2,0,0,3,4,6,1,2,7,6,1,0,2,1,2,3,0,2,3,2,miRNA
URS000047E949/Prevotella,4,1,16,2,3,0,0,1,2,0,0,1,3,1,0,6,4,2,0,1,0,1,2,5,0,3,1,0,0,0,1,1,5,1,2,0,0,0,2,1,15,1,0,1,0,2,1,0,0,0,0,1,1,4,2,0,2,3,1,1,0,3,2,2,miRNA
URS00005255A8/Rhizobium,0,0,3,1,0,1,3,1,2,0,4,2,0,0,0,0,1,0,2,1,1,2,1,0,1,2,1,1,1,2,1,1,2,2,2,0,0,1,1,2,6,1,5,0,1,1,1,1,0,1,0,0,0,2,3,1,0,2,0,0,0,1,0,1,miRNA
URS000055B57E/Pseudomonas,5,0,2,2,2,2,2,0,1,3,0,0,1,0,3,0,1,1,2,2,2,1,4,2,1,2,3,2,0,0,2,0,1,0,3,1,2,0,1,3,3,2,1,2,2,3,1,0,0,2,2,0,0,1,0,1,1,4,1,0,2,2,0,1,miRNA
URS000057EBF6/Moorea,0,0,0,0,0,0,0,0,0,0,0,22,1,0,0,0,0,1,0,0,0,0,0,0,0,0,0,0,22,0,0,0,0,21,0,0,0,0,0,0,0,0,0,0,0,0,0,0,0,0,0,0,0,0,22,1,0,0,0,0,0,0,0,0,miRNA
URS0000655ADD/Frankia,0,2,0,0,1,3,0,1,1,0,0,2,0,2,0,0,1,2,0,0,0,4,2,2,3,2,7,1,0,2,1,0,0,0,4,1,0,3,5,1,1,0,3,1,4,3,0,1,0,0,1,1,0,0,4,1,0,4,1,1,0,0,0,0,miRNA
URS0000669483/Sorangium,0,0,0,2,0,1,2,4,0,2,0,0,0,0,0,0,0,0,0,4,0,2,2,0,4,6,6,3,0,0,2,0,0,0,2,2,4,3,9,0,2,2,1,0,0,6,0,0,0,0,1,0,0,2,0,0,0,2,2,0,0,3,4,0,miRNA
URS00005C93BE/Pseudomonas,1,0,1,1,0,1,3,1,1,1,1,0,0,1,0,0,1,1,1,2,0,1,4,1,4,5,2,1,1,1,0,1,0,0,3,0,0,5,3,2,1,3,1,2,1,4,2,0,0,0,0,1,1,1,2,1,0,1,5,0,1,0,0,0,miRNA
URS0000674681/Streptomyces,0,0,2,0,0,0,0,1,1,2,0,1,0,0,0,0,0,0,0,0,0,1,3,1,0,1,3,0,0,2,1,0,0,1,1,0,2,3,1,1,1,1,2,1,0,0,1,0,0,2,0,0,0,0,0,0,1,0,0,0,0,0,0,1,miRNA
URS0000609D73/Pseudomonas,1,2,0,0,4,2,3,0,3,1,1,0,0,0,1,0,1,0,3,1,0,2,2,0,0,4,1,3,0,1,2,1,0,2,3,1,2,2,3,0,4,1,3,0,0,1,3,1,2,1,0,1,0,1,0,1,1,3,0,1,0,0,0,0,miRNA
URS00005684F2/Xanthomonas,6,1,1,1,2,5,0,1,1,0,2,0,1,6,1,0,6,2,0,2,3,2,0,0,0,0,1,1,0,0,1,1,2,0,0,5,1,0,0,0,4,1,0,0,0,0,0,4,0,0,1,0,1,2,3,1,0,2,4,0,0,1,1,3,miRNA
URS0000613847/Pseudomonas,2,0,2,1,1,1,1,3,3,1,1,1,1,0,0,0,2,1,1,1,1,3,0,1,1,5,0,1,1,2,1,2,1,1,5,0,1,1,1,2,1,1,0,1,0,3,2,0,0,0,0,0,1,2,3,1,1,1,2,0,1,0,1,2,miRNA
URS00006A857B/Sphingomonas,0,0,0,1,2,3,0,2,1,1,1,0,0,0,0,0,0,1,2,0,0,7,7,3,2,6,8,0,0,8,1,0,0,1,1,2,1,3,5,4,3,1,3,0,0,3,1,0,0,1,0,1,0,5,1,1,1,0,1,2,0,3,0,0,miRNA
URS00007F06D9/Candidatus,1,1,0,1,3,1,0,1,3,2,0,1,0,0,3,0,1,0,1,2,0,0,0,0,0,1,0,0,0,1,2,1,1,0,0,0,2,0,0,0,1,0,0,1,1,2,3,0,2,1,1,5,1,0,1,0,1,1,0,1,0,0,1,1,miRNA
URS0000ADC386/Curtobacterium,0,1,0,1,1,1,0,0,0,2,3,0,1,0,0,0,2,2,0,0,0,3,5,0,1,1,3,2,0,3,1,0,1,2,1,0,1,4,4,1,2,3,3,1,0,0,0,0,0,0,0,0,1,1,2,0,0,1,0,0,0,0,0,0,miRNA
URS0000705BBA/Streptomyces,0,1,0,0,0,1,1,0,0,0,2,0,0,1,1,0,0,0,0,0,0,1,3,0,1,4,5,3,1,1,1,0,0,1,1,2,2,3,2,1,2,0,2,2,1,1,0,0,0,2,0,0,0,2,4,0,0,0,0,0,0,1,0,0,miRNA
URS0000AF0259/Curtobacterium,0,0,0,0,1,1,1,0,0,2,1,1,0,0,1,0,0,2,0,0,0,3,6,0,3,2,3,2,0,4,1,0,0,2,1,1,2,4,4,1,1,4,4,1,0,0,0,0,0,0,1,0,0,1,2,0,0,1,0,0,0,0,0,0,miRNA
URS0000702B0E/Spirosoma,2,2,0,1,0,2,3,2,3,1,1,1,1,0,1,3,2,0,0,0,0,3,1,2,3,4,8,1,1,4,2,3,1,2,2,2,3,6,6,1,3,2,3,0,1,2,2,0,3,2,2,1,0,0,3,2,0,3,2,2,0,1,1,2,miRNA
URS000071FD08/Streptomyces,0,0,0,0,0,0,1,0,0,1,3,0,0,1,0,0,0,1,0,0,0,5,2,1,1,2,3,2,2,1,0,1,1,2,2,0,1,4,2,0,1,1,5,2,0,0,1,0,0,0,0,0,0,2,3,0,0,1,0,0,0,0,0,0,miRNA
URS000080159D/Neochlamydia,2,1,1,3,1,2,0,3,0,2,1,1,4,2,1,1,1,4,1,1,1,3,0,2,1,0,0,2,2,2,0,2,0,2,1,1,0,0,0,1,0,1,0,0,1,1,4,1,4,2,1,0,3,0,1,5,3,0,2,1,3,0,0,4,miRNA
URS00007E5D41/Parachlamydia,2,0,2,2,3,1,0,1,4,1,1,0,0,0,2,1,0,0,0,2,1,1,0,1,1,0,0,0,0,1,1,2,1,0,2,0,0,0,0,0,3,0,0,0,0,3,1,1,2,1,1,4,1,1,0,2,1,0,0,0,0,3,1,0,miRNA
URS000080A228/Candidatus,1,1,1,1,0,0,1,0,0,1,1,1,1,0,0,0,0,0,0,0,0,0,0,0,0,0,0,1,1,0,1,1,0,0,0,1,0,0,0,0,0,0,0,0,2,0,0,3,1,0,1,1,0,1,0,2,2,1,0,0,0,1,1,2,miRNA
URS00007F65E4/Parachlamydia,4,0,4,4,1,0,0,1,4,3,3,0,1,2,2,4,1,0,0,0,1,1,2,2,0,3,0,2,1,0,3,1,4,2,2,3,2,0,1,1,1,1,3,0,1,1,2,3,5,0,2,2,1,2,1,1,1,2,0,4,5,1,1,3,miRNA
URS000083257D/Tannerella,3,4,5,0,0,2,1,4,2,2,0,3,1,6,3,3,3,1,0,3,2,0,0,5,6,3,2,2,1,0,3,3,8,1,0,1,1,2,4,2,2,2,1,1,1,2,3,4,3,2,2,3,2,3,4,2,3,2,3,1,2,1,4,6,miRNA
URS0000B85E65/Sphingomonas,2,1,2,0,1,3,1,2,3,0,3,1,2,2,0,2,2,1,2,1,2,3,1,3,0,1,2,1,0,3,0,4,3,0,1,2,0,2,2,1,3,2,6,0,0,2,1,0,1,0,3,3,1,3,0,1,3,0,0,0,1,2,1,0,miRNA
URS000080A323/Parachlamydia,3,2,2,0,0,0,1,0,1,1,1,0,0,2,0,2,1,1,2,1,0,2,1,1,0,0,0,0,1,0,1,1,0,0,0,0,1,0,1,3,3,0,0,1,1,0,0,0,3,0,1,0,0,1,0,0,0,2,0,1,1,1,0,4,miRNA
URS0000820B05/Tannerella,3,0,1,0,2,2,0,3,2,3,0,0,2,0,0,4,2,1,1,2,1,0,0,0,0,3,0,0,2,2,2,3,0,1,0,3,0,1,0,3,0,1,1,0,1,0,3,5,1,2,4,0,3,0,0,4,0,1,3,5,2,2,4,4,miRNA
URS0000824F6B/Tannerella,2,3,3,2,0,2,2,2,3,1,1,1,1,1,2,4,1,2,0,3,2,3,1,7,3,1,2,4,3,8,0,7,0,2,2,2,2,1,1,1,1,4,1,2,2,5,2,2,1,3,0,3,2,4,10,6,4,2,1,0,2,4,3,9,miRNA
URS00000FB4B3/Capnocytophaga,2,1,1,2,0,4,0,0,0,0,0,1,1,0,1,8,3,0,0,2,2,2,0,1,1,0,0,0,1,0,0,0,1,1,0,2,0,2,0,0,1,0,2,4,2,1,0,7,3,1,2,1,0,0,0,1,4,0,9,0,2,0,6,7,miRNA
URS00001D7098/Xenococcus,1,1,2,2,0,0,0,3,2,1,1,3,1,1,0,3,1,0,0,0,0,0,0,0,0,0,2,0,2,0,1,2,3,1,0,1,1,0,1,0,1,1,0,1,3,0,1,2,3,0,4,2,0,1,0,1,2,1,1,1,1,1,4,2,miRNA
URS000007F1E8/Pantoea,0,1,1,0,1,4,3,1,1,3,0,0,0,1,1,0,2,1,2,1,2,2,2,1,2,2,3,1,1,3,1,2,2,1,1,0,2,1,4,1,1,2,2,1,1,1,0,1,1,0,1,3,1,1,1,0,1,3,0,1,0,1,1,0,miRNA
URS00001D5617/Candidatus,2,0,0,2,2,0,1,0,3,0,0,2,0,0,0,3,1,1,0,0,0,0,0,0,0,0,0,0,0,1,2,1,2,1,0,0,0,0,0,0,0,0,0,0,0,0,2,1,3,1,0,3,2,0,1,0,1,0,0,0,1,2,0,3,miRNA
URS0000D215CF/Chitinophaga,1,0,0,5,3,1,1,1,6,0,1,1,4,2,0,2,1,0,0,0,1,0,0,1,1,0,2,0,3,2,1,0,1,0,2,2,0,0,0,0,2,1,0,1,1,1,2,5,2,0,3,12,1,0,2,1,0,2,0,0,2,3,3,5,miRNA
URS00002353C5/Pseudomonas,1,0,1,3,1,1,1,4,3,1,1,0,0,0,1,1,2,1,0,1,1,1,0,0,1,5,0,0,1,1,0,3,0,0,5,1,1,0,1,2,1,1,0,1,0,5,2,1,1,0,0,1,1,1,2,1,2,1,3,1,1,0,3,2,miRNA
URS0000CD6FAC/Chitinophaga,7,1,3,2,3,1,1,0,2,1,1,0,4,6,1,3,1,0,0,2,0,2,2,0,4,1,1,1,1,0,0,0,2,0,0,3,0,0,0,2,0,0,1,1,2,0,1,5,4,1,3,7,0,2,0,2,3,0,1,0,3,0,2,4,miRNA
URS0000D0BEC8/Pseudomonas,7,2,1,3,2,2,1,4,4,1,1,0,0,0,1,1,2,1,1,1,2,1,0,0,0,6,1,1,1,1,2,3,2,1,5,0,1,0,2,3,1,1,0,0,0,4,2,1,2,2,0,1,1,1,2,1,3,1,2,1,2,0,2,2,miRNA
URS0000D23776/Spirosoma,1,3,1,0,0,3,0,1,5,1,1,1,0,0,1,1,2,2,0,0,1,1,3,2,1,0,2,1,1,4,2,0,1,0,4,3,3,1,3,1,3,1,1,1,0,1,1,1,0,2,0,1,0,1,2,0,1,2,2,2,1,1,2,6,miRNA
URS0000E138E8/Stenotrophomonas,3,1,1,1,0,0,1,0,2,0,4,1,1,2,0,3,1,1,0,0,1,2,1,2,1,0,0,2,2,2,0,3,2,2,2,1,1,2,2,1,2,0,3,0,0,0,1,1,3,0,1,1,0,3,1,1,1,1,0,2,0,1,3,3,miRNA
URS0000CFA823/Pseudomonas,5,3,1,2,2,2,1,3,4,1,1,1,0,0,2,1,2,1,1,3,2,2,0,1,2,5,0,0,1,1,1,5,0,0,5,0,2,0,1,4,1,1,0,0,0,4,2,0,3,2,0,1,1,2,2,1,1,2,2,0,2,0,2,2,miRNA
URS0000DC2270/Pseudomonas,2,0,4,0,0,1,0,4,2,3,2,2,0,1,1,0,2,1,0,1,2,1,0,0,1,7,2,2,1,0,1,3,1,1,5,0,3,1,2,3,2,1,1,0,0,4,6,0,2,0,1,3,1,1,2,3,2,2,1,0,1,0,3,2,miRNA
URS0000E15330/Stenotrophomonas,1,1,1,0,0,1,1,0,1,0,5,4,1,2,0,1,1,1,0,0,2,3,1,2,1,1,0,1,1,2,2,4,2,2,1,2,0,1,4,1,2,2,4,0,1,1,1,1,3,0,3,2,2,3,1,0,1,1,0,1,0,1,1,3,miRNA
URS0000DE9C8B/Pseudomonas,0,1,1,0,0,3,1,2,1,0,1,0,1,0,1,0,0,2,0,0,2,2,4,1,0,3,3,3,0,0,2,1,1,1,2,1,0,0,0,2,1,2,4,3,1,2,0,3,1,1,1,0,2,4,0,0,1,0,1,0,1,2,2,0,miRNA
URS0000E17B49/Stenotrophomonas,2,1,1,1,1,1,0,0,1,0,4,2,1,2,1,1,0,1,0,0,1,3,0,2,2,0,0,1,3,3,0,2,1,2,1,3,0,1,2,1,2,1,3,0,0,0,1,3,3,0,2,2,2,2,2,0,2,1,0,1,0,0,3,2,miRNA
URS0000DEAA98/Pseudomonas,3,1,2,2,3,1,1,2,2,1,2,1,2,1,0,0,2,2,1,2,2,1,0,2,1,5,0,0,1,1,0,2,0,0,4,1,1,0,1,3,0,4,1,0,0,4,2,0,3,0,0,0,1,2,2,1,1,0,3,0,1,0,2,2,miRNA
URS0000E26647/Stenotrophomonas,3,1,1,0,0,1,1,0,1,1,4,1,1,2,0,1,0,1,0,0,0,3,0,2,1,0,0,2,2,2,0,4,2,1,1,2,1,1,2,1,2,0,4,0,0,0,1,2,3,0,1,2,1,3,2,0,1,0,0,3,1,1,3,2,miRNA
URS0000E276B4/Thiocapsa,5,0,0,0,0,0,7,1,5,0,0,0,0,4,0,0,1,11,0,0,0,0,0,0,0,0,0,0,2,0,0,5,1,0,0,2,5,0,5,0,0,0,0,0,0,0,5,0,0,0,0,2,0,0,1,0,1,0,0,12,1,5,0,1,miRNA
URS0000E343A9/Stenotrophomonas,6,1,1,0,1,1,1,0,2,0,4,1,1,2,1,1,2,2,0,0,1,3,1,2,1,0,0,1,1,2,0,3,0,3,1,1,2,1,2,1,2,0,5,0,1,0,0,1,2,0,3,1,0,2,1,1,0,1,0,2,0,2,0,2,miRNA
URS0000E436D3/Eilatimonas,0,0,0,0,10,0,0,0,0,0,10,0,0,0,0,0,0,0,0,1,0,0,0,0,0,0,0,0,0,10,10,0,0,0,0,0,9,0,0,1,0,0,0,0,1,9,0,0,0,0,0,20,0,0,0,0,0,1,0,9,0,1,0,0,miRNA
URS0000EE4968/Labrenzia,0,0,0,0,5,0,3,0,7,0,3,0,0,0,0,0,0,0,0,0,0,0,0,0,0,0,0,0,0,3,8,0,0,0,0,0,1,0,2,0,5,0,3,0,0,8,11,0,0,0,0,18,0,0,0,0,0,0,0,12,0,0,0,0,miRNA
URS0000EC949F/Tepidamorphus,0,0,0,0,4,0,3,0,6,0,6,0,0,0,0,0,0,0,0,2,0,0,0,0,0,0,0,0,0,1,10,0,0,0,0,0,3,1,1,0,6,1,1,0,0,8,10,0,0,1,0,16,0,1,0,0,0,0,0,11,0,0,0,0,miRNA
URS0000ECB7FB/Anoxybacillus,5,2,3,1,1,0,2,2,6,2,1,0,1,1,0,1,1,0,2,1,0,1,0,0,3,1,0,1,0,0,0,3,6,0,1,1,2,0,0,1,0,1,1,0,1,1,3,1,1,0,2,2,1,0,2,1,0,1,2,1,0,3,1,17,miRNA
URS0000ECCD21/Larkinella,1,0,1,0,2,1,2,0,8,1,0,0,1,4,3,4,1,0,0,3,1,0,0,0,0,1,0,0,1,4,0,4,1,1,0,4,1,1,0,0,1,0,0,1,1,1,4,0,5,0,3,8,4,1,2,1,0,1,1,2,1,0,0,0,miRNA
URS00010C75D7/Sinorhizobium,0,0,0,0,6,0,2,0,8,0,3,0,0,0,0,0,0,1,0,2,1,0,0,0,0,0,0,1,0,0,10,0,0,0,0,0,2,4,1,0,4,0,4,0,0,7,9,0,0,3,0,14,0,0,0,0,0,1,0,9,0,0,0,0,miRNA
URS00012E0807/Stenotrophomonas,3,1,1,0,0,2,1,0,2,1,5,1,1,3,1,1,1,1,0,1,1,3,0,3,2,0,1,1,1,3,0,3,3,3,2,1,0,1,2,2,2,1,4,0,0,0,1,2,3,0,2,1,3,2,1,1,1,0,0,2,0,1,2,3,miRNA
URS0000EE636E/Stenotrophomonas,4,1,1,1,1,2,2,1,2,0,4,1,1,3,0,1,2,2,1,0,1,3,0,2,1,1,0,2,1,2,0,3,1,2,1,1,1,1,2,1,2,0,4,0,0,2,1,2,4,0,1,2,2,2,1,0,0,1,0,3,1,0,3,4,miRNA
URS0001535F0D/Chitinophaga,9,0,5,2,0,0,0,0,7,1,4,0,0,0,0,1,0,0,0,1,0,3,0,2,0,0,0,0,0,2,0,7,5,0,6,0,0,1,0,0,4,0,1,0,1,0,0,0,1,0,0,0,1,3,0,5,0,0,0,0,1,5,1,4,miRNA
URS0000EE6B72/Stenotrophomonas,3,1,1,1,0,1,1,1,1,1,4,1,1,2,1,1,0,1,0,0,2,3,0,3,1,0,0,2,1,2,1,3,2,2,1,1,1,1,2,1,2,1,4,0,0,0,1,2,4,0,1,2,0,2,2,0,1,1,0,2,2,2,2,3,miRNA
URS0000EE9049/Stenotrophomonas,3,1,1,0,1,1,1,0,1,0,5,1,1,2,0,1,2,1,0,0,1,3,0,2,2,1,0,1,1,2,1,4,1,2,1,1,2,1,3,2,2,0,4,0,0,1,0,2,2,1,1,3,0,2,1,0,1,1,0,2,0,0,3,2,miRNA
URS0000F02773/Pseudomonas,2,0,1,3,1,2,1,3,3,1,2,0,0,1,2,0,3,2,0,2,3,1,0,1,1,6,0,1,0,1,1,3,1,0,6,0,1,0,1,2,2,1,0,0,0,4,2,1,2,0,0,0,1,2,2,2,0,2,2,1,1,0,3,2,miRNA
URS0001DBD379/Novosphingobium,0,0,2,0,1,3,0,1,3,0,2,0,0,0,0,0,1,2,0,0,1,10,1,4,2,0,1,1,0,6,0,1,0,0,3,0,0,1,1,1,0,2,11,2,0,2,2,1,1,1,1,0,1,1,0,3,1,0,2,0,0,0,2,1,miRNA
URS000160FDB3/Pseudomonas,2,1,1,2,1,2,2,4,4,1,0,0,0,3,1,0,1,1,2,1,1,1,2,1,1,3,0,1,1,2,2,3,2,0,3,1,1,0,1,3,2,1,1,1,0,4,2,1,3,2,1,1,1,0,1,2,2,1,1,3,1,2,2,5,miRNA
URS0001FF58A2/Novosphingobium,0,0,3,0,1,2,0,0,3,0,2,0,0,0,0,0,1,2,0,0,0,10,1,4,2,0,1,0,0,5,0,2,0,0,1,1,0,1,2,1,0,1,9,2,0,2,3,1,1,0,1,0,1,1,0,3,0,0,2,3,1,2,1,2,miRNA
URS0001F4F4DB/Novosphingobium,1,0,4,0,0,2,0,0,3,1,3,0,0,0,0,0,0,1,0,1,0,10,1,4,3,1,1,0,0,5,0,0,0,0,4,0,0,4,1,0,3,1,12,2,1,0,2,1,1,0,2,0,1,0,0,2,0,0,2,0,0,0,1,1,miRNA
URS000218B35A/Confluentimicrobium,5,2,2,4,1,3,0,2,2,2,1,0,1,0,0,2,2,1,0,1,1,3,1,1,4,2,3,0,1,2,1,3,7,0,1,1,1,0,3,1,1,1,3,0,1,0,1,0,1,0,0,2,2,3,3,0,0,1,1,0,0,5,1,5,miRNA
URS00021A486D/Sphingomonas,0,1,1,0,1,2,0,0,0,2,1,1,0,0,1,0,1,0,1,1,3,8,4,0,1,3,4,0,0,2,2,1,1,3,1,0,0,4,2,2,2,1,6,1,0,1,0,0,0,0,0,0,0,2,1,1,1,1,0,0,0,0,0,1,miRNA
URS00021ACA95/Novosphingobium,1,1,3,1,0,2,1,1,2,1,3,0,1,0,0,0,1,1,0,0,0,9,1,3,3,1,2,0,0,6,0,0,1,0,3,0,0,2,0,2,2,1,13,2,1,0,3,1,3,1,1,0,1,0,0,3,0,0,2,0,0,0,1,1,miRNA
URS00021ADE18/Halomonas,0,1,1,0,1,1,3,0,0,1,1,0,0,1,1,0,1,0,2,2,0,1,2,2,1,4,3,3,0,3,1,0,0,0,0,2,4,3,5,2,2,1,3,0,0,1,3,1,1,1,0,0,0,1,0,0,1,4,3,1,0,2,1,1,miRNA
URS00021AE063/Rhizobium,2,0,0,0,0,0,1,1,0,0,3,1,0,1,0,0,0,1,0,1,1,8,2,2,1,2,2,1,0,3,1,4,0,0,5,0,1,2,2,0,4,2,5,3,0,0,3,2,0,0,0,0,0,5,2,2,1,1,3,1,0,4,0,0,miRNA
URS00021C081C/Dyella,0,1,2,1,0,2,2,0,1,2,3,0,0,1,2,1,5,1,1,0,1,3,2,1,0,2,7,1,0,3,1,1,1,0,1,1,3,6,4,2,3,2,2,2,0,1,1,0,0,3,0,0,2,1,1,0,0,2,1,1,0,0,0,0,miRNA
URS00021C0B9D/Methylorubrum,1,2,2,0,0,3,1,0,2,1,2,0,0,0,0,0,1,2,1,2,0,3,2,0,1,4,3,1,0,5,0,2,1,1,1,0,3,1,8,3,4,1,0,0,0,2,0,0,0,0,0,0,0,1,3,0,1,1,1,2,0,1,0,1,miRNA
URS00021C22EE/Paeniglutamicibacter,0,0,0,0,0,4,1,0,0,1,3,0,0,1,0,0,1,1,0,0,0,1,6,0,1,4,8,2,0,0,2,1,1,1,0,4,0,4,3,0,4,1,3,0,0,5,1,0,0,1,0,1,2,2,2,1,0,0,1,1,0,0,0,0,miRNA
URS000218D91A/Pseudomonas,3,2,2,1,3,3,3,0,0,3,1,1,0,1,1,0,3,2,2,0,3,3,4,2,1,4,3,3,0,1,3,1,2,1,2,0,2,1,2,3,4,4,2,1,0,5,2,2,1,0,2,0,0,1,2,2,0,3,2,2,0,0,1,1,miRNA
URS00021B005B/Sphingosinicella,1,1,1,0,0,4,0,0,1,2,4,0,0,1,0,0,0,3,0,1,4,5,2,3,1,3,8,1,2,2,2,0,2,0,1,2,1,6,5,1,1,3,1,1,0,1,1,0,0,2,0,1,1,1,3,0,1,0,0,0,0,1,0,0,miRNA
URS00021B028A/Sphingomonas,0,0,0,0,1,1,2,0,1,1,1,1,0,1,3,0,1,0,2,1,2,0,1,3,1,3,3,1,1,3,2,1,1,0,3,1,1,4,2,0,2,4,0,1,0,2,1,2,0,1,0,2,1,0,5,2,1,4,0,1,0,1,0,0,miRNA
URS000218FD5C/Sphingomonas,0,1,0,1,1,3,0,0,1,1,3,0,0,0,0,0,1,0,1,0,1,4,4,2,0,2,6,2,1,1,2,1,2,1,2,0,0,3,3,2,3,4,6,2,2,1,2,1,0,2,0,0,0,1,3,1,0,2,1,1,0,1,1,2,miRNA
URS00021B14C0/Sphingomonas,0,0,0,0,1,2,3,2,1,1,3,0,0,1,1,1,2,3,1,1,2,3,2,1,1,2,8,3,1,3,3,1,2,2,1,1,0,6,3,4,1,1,3,3,3,2,2,1,0,2,0,1,1,4,2,0,1,2,2,2,0,2,1,1,miRNA
URS00021B16B1/Dyella,0,0,0,0,0,1,0,0,1,1,1,2,0,2,1,1,1,0,2,1,0,3,2,2,1,2,6,1,0,3,0,4,1,0,1,0,1,6,5,3,3,1,2,2,0,1,3,1,0,3,0,1,2,0,2,0,0,4,3,1,1,0,2,0,miRNA
URS00021B2778/Sphingomonas,1,0,0,0,1,0,2,1,0,3,1,0,0,1,0,1,0,1,3,1,1,5,3,0,0,5,6,1,4,0,0,2,1,1,2,0,0,5,5,3,2,3,4,2,0,1,0,2,0,1,0,0,1,3,2,0,0,1,3,0,0,1,1,0,miRNA
URS00021B3E92/Rhizobium,2,0,0,1,0,2,1,2,0,1,3,1,1,0,0,0,0,2,0,1,2,8,3,2,0,2,4,1,0,4,0,2,2,1,4,1,1,3,1,0,5,0,4,0,0,0,2,0,0,0,0,0,1,5,0,2,0,1,1,0,0,3,1,0,miRNA
URS00021B4EC1/Streptosporangium,0,1,1,0,0,1,0,0,2,0,1,0,0,0,0,0,0,0,0,0,0,3,1,1,1,2,4,1,2,1,1,0,0,0,1,2,2,4,2,0,0,2,3,0,0,1,0,0,0,1,0,1,0,0,1,1,0,0,0,0,0,1,1,0,miRNA
URS00021B611A/Sphingomonas,0,1,0,1,0,5,1,0,2,1,2,1,0,1,1,1,2,0,1,4,2,6,5,0,2,3,2,0,1,4,0,1,1,2,1,2,1,2,4,2,3,0,7,2,0,2,2,0,0,1,0,1,0,2,3,0,1,2,2,1,1,1,1,1,miRNA
URS00021B6483/Sphingomonas,0,0,2,0,0,4,0,2,0,2,0,1,0,1,1,1,1,3,2,0,4,5,3,0,2,3,7,1,1,3,0,3,0,2,3,0,1,6,5,2,1,3,6,4,1,0,4,0,1,0,0,0,0,2,3,0,2,2,3,1,0,0,0,0,miRNA
URS00021C79A6/Sphingomonas,0,0,0,0,1,2,2,1,1,1,2,0,0,1,3,0,1,1,2,2,1,1,1,3,1,2,4,1,1,2,2,1,2,0,2,1,1,3,3,0,3,3,0,1,0,2,1,2,0,1,0,2,1,0,4,1,1,5,0,0,0,0,0,0,miRNA
URS00021952B3/Sphingobium,1,1,0,0,0,3,2,0,0,1,2,3,1,1,0,0,3,3,2,0,1,1,6,2,1,0,3,2,0,3,1,1,0,2,1,1,1,2,2,1,3,1,2,1,0,4,0,3,0,1,0,0,0,4,2,2,3,1,1,1,1,2,1,0,miRNA
URS00021B66A2/Dyella,0,0,0,0,0,1,1,0,1,1,1,2,1,2,0,0,1,1,1,2,0,2,2,3,1,2,7,1,0,3,1,4,1,0,1,1,1,7,5,3,2,2,3,1,0,0,3,2,0,1,0,1,1,2,2,0,0,5,2,1,2,0,3,2,miRNA
URS00021B68BF/Sphingopyxis,0,0,2,0,0,0,3,0,0,2,3,2,0,0,1,0,2,1,0,1,1,7,4,1,3,6,4,1,0,3,0,2,0,0,3,2,1,6,7,2,3,3,8,0,1,1,2,2,0,2,0,0,0,2,2,0,0,3,1,1,1,1,0,1,miRNA
URS00021B8FBC/Sphingomonas,0,0,2,0,0,1,0,0,3,0,2,0,0,0,2,0,0,1,0,0,0,11,1,4,2,1,3,0,0,5,0,1,0,0,3,2,1,3,1,0,1,2,13,1,0,1,1,1,1,0,1,0,1,1,0,3,0,1,1,1,0,0,2,1,miRNA
URS00021B9845/Sphingopyxis,0,1,1,0,1,1,2,0,1,1,2,0,0,0,0,0,2,1,0,1,0,7,5,1,1,5,3,2,0,2,0,3,0,1,1,0,0,5,6,2,3,2,8,0,1,0,2,0,0,0,0,1,0,1,2,0,0,4,0,0,0,1,0,0,miRNA
URS0002195B74/Bradyrhizobium,0,0,0,1,2,5,2,0,0,0,2,0,0,2,2,0,0,2,1,1,1,1,3,2,2,1,7,2,2,3,0,0,2,1,3,3,1,2,0,1,2,4,1,2,1,1,2,2,1,0,0,1,1,1,6,0,1,4,0,0,0,0,0,0,miRNA
URS00021BA1BB/Sphingomonas,0,1,1,1,0,1,0,1,1,3,3,2,0,1,0,0,1,3,0,1,2,5,2,3,2,4,3,1,1,3,6,0,1,0,4,1,3,5,4,3,2,4,5,0,0,0,0,0,0,0,0,1,0,3,3,1,0,1,1,1,1,2,2,0,miRNA
URS00021BC98A/Rhizobium,2,0,0,0,0,1,0,1,1,1,3,1,0,0,0,0,0,2,1,0,0,8,4,3,1,2,3,1,0,3,1,2,0,1,4,0,1,2,3,1,6,3,3,0,0,0,2,1,0,0,0,0,0,5,0,2,0,0,3,0,0,3,0,1,miRNA
URS00021CA378/Rhizobium,2,0,0,0,0,0,2,1,0,1,4,2,0,0,0,0,0,1,2,0,1,9,2,2,1,2,2,1,0,4,0,4,0,1,5,0,1,3,3,0,6,1,9,0,0,1,1,0,0,1,0,0,1,6,1,1,0,1,1,0,0,1,0,0,miRNA
URS0002195DD5/Rhizobium,0,0,0,2,0,0,0,2,0,0,4,1,0,0,1,0,0,0,1,1,1,8,2,3,1,0,3,0,0,3,3,1,0,0,2,2,3,1,1,2,4,2,7,0,0,2,2,1,1,1,1,0,0,3,0,1,1,3,2,0,0,3,0,1,miRNA
URS000219697A/Sphingopyxis,1,1,0,0,0,0,0,1,2,2,3,0,0,2,0,0,1,2,0,0,0,7,5,2,0,9,3,1,2,2,1,1,1,0,2,0,0,4,9,3,2,3,8,1,0,0,3,1,0,1,1,1,0,1,3,1,1,2,0,1,0,0,0,2,miRNA
URS00021971AB/Sphingomonas,0,0,0,0,1,2,2,0,2,2,1,0,0,1,4,0,1,1,3,1,1,0,1,3,1,2,3,1,1,3,1,1,1,1,3,2,3,1,1,0,2,2,0,2,1,2,0,2,0,1,0,2,1,0,5,2,1,5,0,0,0,0,0,0,miRNA
URS000219908E/Bradyrhizobium,0,1,1,0,0,3,2,1,1,2,1,0,0,1,1,0,1,3,0,2,2,1,2,3,3,4,6,0,1,2,1,1,1,0,4,2,0,3,3,2,2,6,1,0,1,1,3,1,0,0,0,0,2,3,6,0,1,2,0,1,0,0,0,0,miRNA
URS000219BB56/Sphingomonas,1,0,0,0,0,5,3,0,0,2,3,1,0,0,2,1,1,2,1,1,0,3,4,0,2,3,7,6,1,3,1,1,1,6,1,0,2,4,5,2,1,1,4,4,2,3,1,1,1,0,2,0,1,3,4,1,2,2,0,0,1,0,1,1,miRNA
URS000219BD1C/Devosia,0,2,1,0,2,4,5,0,2,4,0,1,1,0,3,0,1,2,3,3,4,8,3,1,3,5,8,2,1,4,1,0,2,1,1,3,3,5,5,2,1,3,3,2,0,2,3,0,1,4,0,0,1,3,1,1,2,0,0,1,0,0,1,0,miRNA
URS000219D115/Rubricella,0,1,0,0,2,2,2,0,0,1,0,1,0,1,0,0,0,0,1,1,2,2,1,3,3,8,6,1,0,2,1,0,1,1,4,0,1,4,4,2,1,2,3,1,0,2,2,1,0,1,1,0,0,3,2,1,1,1,1,0,0,0,3,0,miRNA
URS00021BEF43/Xanthomonas,0,0,2,0,1,5,1,0,2,1,0,0,0,1,0,0,3,0,0,0,0,0,5,2,2,1,15,1,0,0,1,0,1,3,3,1,1,6,2,0,3,3,1,3,0,5,1,0,0,0,0,0,0,4,2,1,0,1,0,0,0,0,0,2,miRNA
URS00021DCE9E/Novosphingobium,0,0,0,0,1,1,1,1,0,3,1,0,0,1,0,0,1,1,0,1,2,5,5,1,1,4,3,1,0,4,1,2,1,0,3,0,0,4,2,3,3,4,7,0,0,0,1,1,0,1,2,0,0,2,2,2,0,2,0,0,0,0,1,0,miRNA
URS00021DE097/Rhizobium,2,0,0,0,0,0,1,1,0,1,3,1,0,0,0,0,0,1,1,0,0,8,4,3,1,3,2,1,1,3,0,3,0,0,4,1,1,1,3,1,5,2,4,0,0,0,3,1,0,0,0,0,0,7,0,2,0,1,1,1,0,4,0,0,miRNA
URS00021DF2C3/Sphingobium,1,1,1,0,0,3,2,1,2,2,1,0,1,0,1,0,4,0,2,1,4,4,0,2,0,3,4,1,1,2,1,2,0,0,1,3,1,3,1,4,3,1,1,1,0,2,3,0,0,2,1,0,0,2,3,0,0,2,3,0,0,3,0,1,miRNA
URS00021E00E1/Sphingomonas,0,0,0,0,0,2,0,3,2,1,2,0,0,0,0,0,1,1,0,3,0,6,5,1,0,5,6,1,0,3,2,1,0,0,1,2,1,3,5,2,3,2,1,1,0,3,2,0,0,2,0,0,2,4,2,0,1,1,0,0,1,3,0,1,miRNA
URS00021E2097/Sphingomonas,0,1,3,1,1,3,2,2,1,5,3,1,0,2,1,0,3,4,3,2,4,7,2,0,0,7,9,3,1,2,2,1,2,4,2,1,2,6,8,2,4,4,7,2,3,1,2,0,0,0,0,0,2,3,5,1,2,1,1,0,0,0,0,1,miRNA
URS00021E34FA/Dyella,0,0,1,1,0,2,0,1,1,1,1,3,0,5,1,0,2,0,3,0,1,5,2,2,0,3,7,2,0,2,1,1,2,0,1,0,2,6,6,2,3,2,2,2,0,1,3,0,1,3,1,1,1,0,2,0,1,2,1,0,1,0,0,1,miRNA
URS00021E4017/Sphingomonas,0,0,0,0,1,2,0,0,2,1,2,1,0,1,1,0,2,0,1,0,3,2,2,2,0,5,5,1,0,0,6,0,0,1,6,1,1,1,2,4,0,8,1,1,0,3,1,3,0,0,0,0,0,2,3,3,1,1,1,2,0,1,2,0,miRNA
URS00021E7827/Sinorhizobium,1,0,1,0,1,1,1,0,0,3,2,1,0,1,1,0,0,0,2,0,2,4,3,4,1,3,4,0,0,2,2,1,1,1,5,1,0,2,3,1,7,2,6,1,0,0,1,0,0,1,0,0,0,5,0,1,0,0,1,0,0,2,0,0,miRNA
URS00021E7C42/Leifsonia,0,0,1,0,0,3,2,1,1,1,0,1,0,1,0,1,0,3,1,0,2,2,7,1,3,2,5,0,0,2,0,0,2,1,0,1,0,1,3,3,3,3,4,3,1,1,4,0,0,1,2,0,0,2,1,0,0,3,0,1,0,2,0,1,miRNA
URS00021E7D75/Ramlibacter,0,0,0,0,0,2,0,0,1,1,1,0,0,1,1,0,0,0,1,0,1,7,6,1,1,3,4,3,1,6,1,1,1,1,2,2,0,3,3,2,3,2,7,0,0,1,1,2,0,2,0,0,0,5,3,2,1,1,0,1,0,0,0,1,miRNA
URS00021E8A2E/Rhizobium,0,2,2,3,0,2,2,2,0,1,3,1,0,2,2,3,0,2,1,1,4,10,3,8,1,7,2,4,1,4,3,4,1,1,3,0,3,2,1,3,6,1,7,1,0,4,3,3,1,4,2,2,3,3,5,3,3,2,1,0,1,7,1,1,miRNA
URS00021E9E89/Rhizobium,2,0,0,1,0,0,1,1,0,1,4,2,0,1,0,0,0,3,1,0,1,6,3,3,1,1,2,1,0,4,0,2,1,0,4,1,1,2,1,1,5,2,3,0,1,0,1,1,0,0,0,0,0,5,1,2,1,0,2,0,0,3,1,1,miRNA
URS00021EA82C/Sphingomonas,0,0,0,0,0,2,2,0,3,1,1,1,0,1,0,0,1,1,1,0,3,2,2,2,1,2,3,2,2,1,6,0,0,2,4,0,1,1,2,4,1,11,0,2,0,3,0,0,0,1,1,1,0,1,4,3,0,0,2,1,0,0,2,0,miRNA
URS00021EB2DF/Sphingomonas,0,0,0,0,4,2,0,1,1,1,2,0,0,0,2,1,1,4,2,0,1,6,5,2,1,4,9,3,1,3,1,3,0,3,1,2,1,8,5,2,2,4,4,3,0,2,4,0,0,1,1,0,1,4,3,1,1,3,2,1,1,1,0,0,miRNA
URS00021EC435/Sphingomonas,0,0,2,0,1,3,1,1,3,0,2,0,0,0,0,0,1,2,0,1,1,10,0,4,2,0,0,1,0,5,1,0,0,0,3,1,0,0,0,1,0,1,11,2,2,1,2,1,1,0,1,0,1,1,0,3,0,1,3,0,0,2,1,2,miRNA
URS00021ED718/Nocardioides,0,0,0,0,1,1,2,0,1,3,1,0,0,0,0,0,0,0,2,0,0,3,3,0,1,4,9,1,0,1,0,1,1,3,3,0,1,3,5,2,3,4,3,0,1,0,0,1,0,0,1,0,1,2,1,0,0,0,0,0,0,1,0,2,miRNA
URS00021CAED6/Ramlibacter,0,0,0,0,0,2,2,1,3,2,3,0,0,2,0,1,1,2,1,2,1,2,5,2,1,4,5,0,0,4,0,2,2,0,3,3,1,1,3,3,5,1,3,0,0,2,1,2,0,1,1,1,2,4,2,0,1,1,0,1,0,2,1,0,miRNA
URS00021CC5A8/Promicromonospora,1,0,2,0,1,2,1,0,0,2,1,1,0,1,0,0,0,0,1,0,2,1,4,2,4,5,5,2,1,1,0,0,0,4,1,0,3,5,1,3,0,1,3,1,1,2,2,0,0,2,2,0,0,1,3,0,0,0,0,1,0,1,1,0,miRNA
URS00021CD877/Sphingopyxis,0,0,1,0,0,0,3,0,1,2,5,0,0,0,0,0,1,2,1,2,2,4,1,3,1,6,2,2,0,2,2,1,1,0,4,0,2,5,6,1,2,5,3,0,1,0,2,0,0,0,0,0,1,1,2,0,0,3,2,0,0,1,0,0,miRNA
URS00021CDB84/Rhizobium,2,1,1,4,0,0,3,2,3,1,3,1,1,3,1,0,0,1,2,5,2,8,0,3,2,3,4,2,0,1,2,1,2,2,5,0,5,3,2,0,5,1,8,1,0,3,2,3,1,0,1,0,1,3,2,2,1,1,4,2,2,5,2,1,miRNA
URS00021CFF01/Rhodanobacter,1,0,0,0,0,3,5,1,0,5,1,1,0,1,0,0,3,3,1,1,4,3,2,3,1,2,1,1,2,2,1,1,0,0,3,3,1,1,3,0,4,4,1,4,0,1,6,2,0,1,1,0,0,2,1,1,0,3,6,0,0,0,2,0,miRNA
URS00021D099D/Novosphingobium,0,1,2,1,2,3,1,1,3,0,2,0,0,1,0,0,2,1,0,0,1,10,0,4,2,1,0,0,1,6,0,1,0,0,3,0,0,0,0,2,0,1,11,3,0,1,2,2,2,1,3,0,1,1,0,2,1,0,2,0,1,0,1,3,miRNA
URS00021D0FA1/Saccharopolyspora,0,1,0,0,2,2,1,0,0,1,2,0,0,0,0,0,1,0,0,0,1,4,2,2,3,7,3,1,0,3,0,0,2,0,2,1,0,2,6,1,2,2,7,0,0,1,1,2,0,0,2,1,0,1,2,0,0,1,1,0,0,1,0,0,miRNA
URS00021D2357/Sphingopyxis,0,1,0,0,0,0,1,1,0,2,3,1,0,0,0,0,1,1,1,2,2,4,1,4,0,5,2,2,0,3,3,1,0,0,3,0,1,5,4,1,4,3,3,0,1,2,2,0,1,0,0,0,0,2,5,1,1,3,0,0,0,1,0,2,miRNA
URS00021D2B8A/Sphingomonas,0,0,1,0,1,2,1,0,2,1,2,1,0,1,0,0,0,2,1,0,2,3,4,3,2,6,4,0,0,1,5,0,0,2,6,0,4,2,1,3,1,9,2,0,0,2,0,1,0,0,0,0,0,1,3,3,0,2,0,0,0,0,1,0,miRNA
URS00021D6B8B/Sphingomonas,0,0,0,0,0,3,0,0,1,1,6,0,0,0,0,1,0,1,2,1,1,10,1,8,0,5,5,0,0,4,2,2,2,0,5,0,1,2,5,2,5,2,11,1,0,4,1,0,0,1,0,0,3,4,2,0,0,3,0,1,0,1,1,1,miRNA
URS00021D6D8F/Sphingopyxis,2,3,1,0,0,2,4,1,3,1,2,0,0,0,0,0,2,1,1,1,0,8,6,1,0,7,2,2,1,3,1,2,2,1,1,0,0,6,6,2,3,2,6,1,0,0,2,0,2,0,0,0,1,1,1,0,0,3,1,0,0,1,0,0,miRNA
URS00021D7C5A/Pseudomonas,5,0,1,0,0,3,2,0,2,2,0,0,0,1,1,0,1,2,1,0,1,2,2,1,1,1,5,1,2,0,0,2,0,1,1,1,2,3,1,2,0,2,2,0,0,1,2,2,2,1,1,1,1,0,0,1,1,2,0,1,0,0,2,3,miRNA
URS00021D85A8/Sphingomonas,0,0,0,0,1,3,3,0,1,1,1,0,0,1,3,0,1,1,2,2,1,1,1,4,2,3,2,1,0,4,2,0,1,1,3,0,1,1,1,2,4,3,1,0,0,3,0,2,0,2,0,1,1,0,5,1,1,2,0,2,0,0,0,0,miRNA
URS00021D98EB/Rhizobium,2,0,1,2,0,0,1,1,1,1,2,2,0,1,0,0,0,1,1,1,1,5,4,3,1,3,2,1,1,5,1,1,1,1,5,0,1,1,2,1,5,1,3,0,1,0,1,1,0,0,0,0,0,7,0,2,1,0,1,0,0,3,1,1,miRNA
URS000221E152/Rhizobium,2,0,0,0,0,2,0,1,0,0,3,2,0,0,1,0,0,2,0,1,0,9,6,1,1,4,2,0,0,3,0,2,0,0,5,0,1,1,3,1,7,1,6,1,0,1,1,0,0,1,0,0,0,5,1,2,0,0,0,0,0,3,0,0,miRNA
URS000225BA46/Rhizobium,2,0,0,0,0,0,0,1,0,0,5,1,0,0,0,2,0,1,1,1,0,6,3,2,2,1,3,1,0,3,0,2,0,0,5,0,1,2,1,1,5,3,6,1,0,1,2,1,0,0,0,0,0,5,2,2,0,1,1,0,0,3,0,1,miRNA
URS000219D7DD/Sphingomonas,0,1,0,0,2,2,1,3,0,2,1,1,0,0,1,1,3,3,1,0,1,6,4,1,1,3,8,3,0,5,0,3,2,2,1,0,2,5,5,1,1,1,5,3,2,3,5,0,0,1,1,2,1,3,3,0,2,3,2,2,0,0,0,0,miRNA
URS000219EDEB/Dyella,0,0,0,0,0,0,1,0,1,1,1,2,1,2,1,1,1,0,2,2,1,4,2,2,1,2,7,1,0,2,0,4,1,0,1,1,0,9,5,2,3,2,2,1,0,0,3,1,0,2,0,1,2,0,1,0,0,5,2,0,1,0,2,1,miRNA
URS000219F00F/Sphingobium,5,1,2,0,1,3,1,1,4,2,0,3,1,3,2,0,0,0,0,1,2,1,8,1,0,3,3,0,1,3,3,3,4,1,3,4,1,0,1,0,4,3,3,1,0,0,0,2,3,1,1,2,0,6,2,1,1,0,0,1,0,2,0,2,miRNA
URS00021A1A17/Hymenobacter,0,1,1,1,0,1,1,2,3,0,0,0,0,5,2,1,0,1,3,0,1,2,2,2,4,0,1,1,0,1,2,1,2,0,1,2,2,1,0,1,1,1,2,2,1,1,2,3,2,3,0,2,1,2,1,2,2,1,2,1,0,1,1,0,miRNA
URS0000AD0CAB/Curtobacterium,0,0,0,0,0,1,0,0,0,1,2,0,0,0,0,0,0,0,0,0,0,5,1,0,1,2,3,0,0,0,0,1,0,1,1,1,0,1,4,1,1,2,1,0,0,1,0,0,0,0,0,0,0,0,1,0,0,0,0,0,0,0,0,0,miRNA
URS0000AD8572/Curtobacterium,0,0,0,0,2,0,0,1,1,3,1,0,0,1,0,0,0,2,2,0,0,4,3,0,1,4,3,1,0,3,3,0,0,2,3,0,1,5,4,2,0,2,3,2,0,0,0,0,0,0,0,0,2,0,1,1,1,1,0,0,0,0,0,0,miRNA
URS0000ADA90B/Curtobacterium,1,0,0,0,1,0,2,0,0,0,1,3,0,0,0,0,0,2,1,0,1,3,6,0,0,0,1,1,0,1,2,1,0,2,1,0,1,0,2,0,3,5,3,1,0,2,2,0,0,0,0,1,1,1,0,1,0,3,0,1,0,0,1,0,miRNA
URS0000B09249/Thalassospira,2,0,0,0,7,0,0,0,10,1,2,1,0,1,0,0,0,1,1,2,1,1,2,1,0,2,0,0,0,2,5,0,1,0,0,0,1,2,0,0,2,0,0,2,0,4,11,0,0,2,0,17,1,2,0,0,0,0,1,1,0,0,1,0,miRNA
URS0000AEF26D/Curtobacterium,0,1,1,0,0,1,4,0,1,0,1,0,0,0,0,0,0,1,1,0,3,1,2,1,1,2,0,3,0,0,1,1,2,3,0,0,1,0,0,1,1,4,1,0,0,0,3,0,0,0,0,0,0,0,2,0,0,1,0,1,0,2,0,0,miRNA
URS0000AF3711/Curtobacterium,0,0,0,0,0,0,3,0,0,3,0,0,0,0,0,0,0,0,0,0,1,4,5,0,2,2,10,4,0,3,1,1,0,3,1,0,2,6,3,3,1,6,2,2,0,1,5,0,0,2,0,0,0,1,4,1,0,1,1,1,0,1,1,0,miRNA
URS0000B9E3E5/Sphingomonas,0,0,0,2,1,3,1,1,1,1,3,1,0,1,0,1,0,0,2,1,1,4,6,3,3,1,9,1,0,1,3,0,0,2,2,2,1,3,4,1,2,5,3,3,1,5,5,0,2,2,0,1,2,0,2,1,2,4,0,1,0,1,1,0,miRNA
URS0000BFABB8/Sphingomonas,0,2,1,1,0,3,1,0,2,2,1,0,0,0,0,0,0,0,1,2,1,7,3,1,2,3,10,0,0,3,0,0,0,0,3,1,2,4,7,2,4,2,3,3,1,1,2,0,0,2,1,0,0,0,1,0,1,2,0,0,0,1,2,0,miRNA
URS0000BE3947/Sphingomonas,0,0,0,0,0,2,3,0,0,3,0,0,0,0,0,2,2,2,1,1,1,4,2,1,2,5,7,3,0,2,2,0,1,0,2,0,4,6,6,1,1,4,5,3,0,0,2,1,0,2,0,0,0,1,2,0,1,1,2,0,0,1,3,0,miRNA
URS0000BE3DBA/Knoellia,0,0,0,0,0,2,1,0,1,1,1,0,0,0,1,0,0,1,1,0,2,3,2,1,1,1,5,0,0,2,1,1,1,1,2,1,1,2,2,1,2,4,1,1,0,2,0,0,0,0,0,0,0,0,4,1,0,3,0,0,0,0,0,0,miRNA
URS0000BFBA6A/Sphingomonas,0,0,0,0,0,1,2,1,2,2,0,0,1,1,0,0,2,2,1,3,1,4,1,3,1,4,7,3,0,4,1,1,0,1,1,0,0,7,9,2,1,3,6,0,1,0,5,1,0,0,1,0,0,2,2,1,1,4,1,2,0,1,0,0,miRNA
URS0000BEEE25/Streptomyces,0,0,0,0,0,0,1,0,2,1,1,0,0,0,0,0,0,0,1,0,0,2,3,1,1,3,3,0,0,2,0,0,1,1,1,0,0,4,3,0,0,2,4,0,0,0,0,1,0,0,0,0,0,1,0,1,0,0,0,0,0,0,0,0,miRNA
URS0000BFF544/Sphingopyxis,1,0,0,0,0,1,0,1,2,1,3,0,0,1,0,0,1,3,0,2,0,7,5,1,0,6,3,1,0,2,0,2,0,0,2,0,2,4,7,2,2,3,7,0,1,0,2,1,0,0,0,1,0,0,3,0,0,5,0,0,0,0,1,0,miRNA
URS0000BEFA40/Actinobacteria,0,0,0,0,0,0,2,1,0,0,1,1,0,0,0,0,0,2,0,0,0,3,0,0,0,2,4,1,0,2,1,1,1,0,1,0,2,2,1,1,2,1,3,0,0,0,2,1,0,1,0,0,0,2,1,1,0,1,0,0,0,0,0,0,miRNA
URS0000C005BC/Curtobacterium,1,0,0,0,2,2,1,1,0,2,1,1,0,2,0,0,1,2,0,0,0,3,7,0,4,4,2,1,0,0,1,1,2,1,3,1,1,1,3,1,1,5,3,1,0,1,2,0,0,1,0,0,0,1,2,1,0,1,0,1,0,0,2,0,miRNA
URS0000C2CD2C/Bifidobacterium,1,1,0,0,0,2,0,0,5,0,3,0,0,3,0,6,2,3,2,0,0,4,4,0,2,3,5,5,3,3,0,2,3,1,3,4,1,5,6,0,2,1,0,2,0,3,0,0,0,1,1,0,1,5,6,3,0,2,1,1,2,1,1,1,miRNA
URS0000BF2E51/Desulfuromonas,4,0,0,2,0,1,4,0,0,1,1,1,1,2,0,1,1,0,0,3,1,2,3,0,5,3,3,1,1,0,0,1,3,3,2,0,0,3,2,1,1,1,2,1,0,2,1,1,1,0,0,0,0,1,4,1,1,2,0,0,0,1,1,2,miRNA
URS0000C6B4F5/Curtobacterium,0,0,0,0,2,2,1,0,0,2,0,1,0,0,0,0,0,0,2,0,1,2,1,0,1,4,7,1,0,1,2,0,0,0,3,1,0,4,1,3,1,2,2,1,0,3,1,0,0,1,0,1,1,0,3,0,1,0,0,0,0,0,1,0,miRNA
URS0000BF8A17/Desulfovibrio,1,0,1,0,2,1,1,0,0,1,2,0,0,0,0,0,1,1,1,0,2,1,3,0,0,5,4,0,0,0,0,2,2,1,0,0,0,6,3,1,0,2,2,0,0,0,1,0,0,1,0,0,0,0,0,1,1,2,0,0,0,0,1,1,miRNA
URS0000BFA659/Sphingomonas,0,1,0,0,1,3,1,0,2,2,1,0,0,2,1,0,2,1,0,2,1,6,5,3,0,7,7,2,0,1,1,1,0,2,1,2,2,3,6,1,3,4,2,0,0,1,3,1,0,2,0,0,2,2,1,1,0,0,2,0,0,0,2,0,miRNA
URS0000CB7746/Saccharopolyspora,0,1,1,2,0,0,1,3,1,0,3,2,1,0,2,0,2,1,1,2,3,3,1,0,3,3,0,0,0,4,0,3,2,3,2,0,3,2,2,0,0,3,1,0,1,1,5,0,1,0,0,0,0,3,3,2,2,2,2,2,0,0,0,0,miRNA
URS0000CE1A77/Mucilaginibacter,0,0,1,2,2,0,1,1,5,3,2,2,0,0,0,1,1,0,0,1,2,0,0,0,2,1,0,1,1,4,5,1,1,1,1,4,3,2,0,0,2,0,2,0,0,3,6,2,0,1,4,3,0,1,1,6,0,1,0,4,0,2,3,2,miRNA
URS0000D45CA5/Acidovorax,0,1,0,2,5,0,1,1,6,3,0,2,0,1,0,0,2,1,1,2,1,2,0,1,1,2,2,0,0,6,2,0,1,2,0,0,1,0,5,0,1,0,2,0,0,2,7,1,2,2,1,6,1,1,0,3,1,0,0,2,0,0,1,1,miRNA
URS0000D4B902/Pseudomonas,3,1,1,3,1,2,1,4,2,1,2,2,0,1,1,1,3,2,0,1,1,1,0,1,1,7,1,0,2,0,1,2,1,0,5,0,1,0,1,2,2,1,0,0,0,3,5,1,3,0,0,2,2,1,4,1,2,1,0,0,1,1,1,4,miRNA
URS0000D539FD/Flagellimonas,0,0,2,0,1,0,1,0,0,0,0,0,0,0,1,0,0,0,0,0,0,0,0,1,0,2,0,1,0,0,0,0,0,0,1,0,0,0,0,0,2,2,0,0,0,0,1,0,0,1,1,0,1,0,0,0,0,0,0,0,0,0,0,0,miRNA
URS0000CEA93F/Pseudaminobacter,0,0,0,0,2,0,3,0,8,2,3,0,0,0,2,0,1,0,0,1,1,1,0,0,1,1,2,0,0,1,6,0,0,0,0,2,1,2,3,0,6,0,0,1,1,5,8,1,0,3,0,13,0,0,1,1,0,0,0,7,0,0,2,0,miRNA
URS0000CF5A1B/Chitinophaga,6,1,0,2,3,1,1,0,1,2,0,0,7,4,1,2,1,0,0,1,0,1,0,0,4,1,3,1,1,0,0,2,0,0,0,3,0,0,0,2,0,0,0,0,1,0,2,4,4,0,4,9,1,1,1,3,0,0,2,0,2,3,1,1,miRNA
URS0000D506AC/Flagellimonas,0,0,1,0,0,0,1,1,0,0,0,0,0,0,0,0,0,1,0,1,0,0,0,0,0,1,0,1,0,0,1,0,0,0,0,0,0,0,0,0,0,0,0,1,2,0,1,0,0,0,0,0,1,0,0,1,0,1,0,0,1,0,0,1,miRNA
URS0000D515D4/Flagellimonas,0,1,1,0,2,0,0,0,0,0,0,0,0,0,1,0,0,1,0,0,0,0,1,0,0,0,0,1,0,0,0,0,1,0,1,0,1,0,0,0,0,1,1,0,0,0,0,0,0,0,0,1,0,0,0,0,0,1,1,0,2,0,0,0,miRNA
URS0000D53B17/Flagellimonas,0,0,0,0,0,0,0,0,0,0,0,0,0,0,1,0,0,0,0,0,0,0,1,2,0,2,0,0,1,0,1,0,0,0,0,0,0,0,0,0,0,1,0,0,0,1,0,1,0,1,0,0,0,0,1,2,1,0,0,0,0,0,0,1,miRNA
URS0000DC582B/Ensifer,0,0,0,0,4,0,4,0,6,0,4,0,0,0,0,0,0,0,0,1,0,0,0,0,0,0,0,1,0,0,13,0,0,0,0,0,4,2,1,0,5,0,3,0,0,11,6,0,0,2,0,16,0,0,0,0,0,0,0,12,0,0,0,0,miRNA
URS0000D78169/Hymenobacter,2,0,2,0,1,0,1,0,0,1,1,1,1,0,0,0,3,2,0,1,1,4,3,0,1,2,3,0,0,0,1,2,1,0,0,0,2,8,1,1,0,3,3,0,0,0,0,0,0,0,1,0,0,0,0,1,0,2,2,0,1,1,0,2,miRNA
URS0000DF2CCB/Ensifer,0,0,0,0,2,0,4,0,5,0,4,0,0,0,0,0,0,0,0,1,1,0,0,0,0,0,0,1,0,0,12,0,0,0,0,0,3,2,1,0,5,1,3,0,0,9,7,0,0,1,0,14,0,1,0,0,0,0,0,12,0,0,0,0,miRNA
URS0000DF41E9/Pseudomonas,3,0,1,4,2,2,1,5,2,1,0,0,2,1,0,0,1,1,0,2,3,0,1,0,0,7,2,0,1,0,3,3,1,1,5,0,1,0,1,2,1,1,1,0,0,4,2,0,3,1,0,2,3,1,2,0,2,2,0,1,0,2,1,5,miRNA
URS0000DD056E/Olleya,5,1,0,2,2,0,0,1,0,1,0,0,1,4,0,6,2,0,0,0,2,0,0,2,0,0,1,2,1,2,0,2,3,0,0,1,1,0,2,1,0,1,1,0,0,0,0,2,2,1,2,3,0,1,2,0,3,0,0,3,1,3,4,2,miRNA
URS0000DD7402/Pseudomonas,4,1,2,3,1,3,1,4,2,2,1,0,0,1,1,1,3,0,0,1,1,0,0,2,1,5,0,2,1,1,1,3,1,0,5,0,1,0,1,2,1,1,0,0,0,5,2,0,3,1,0,1,3,1,2,0,1,1,2,0,2,0,1,4,miRNA
URS0000DD7972/Pseudomonas,0,0,2,0,0,1,0,2,0,1,1,1,0,0,1,2,0,1,2,0,3,2,0,1,1,4,5,1,0,0,2,0,1,2,1,1,2,1,2,2,2,2,3,1,0,2,3,1,1,0,0,0,1,3,0,1,0,2,2,1,0,0,3,1,miRNA
URS0000DDDB9C/Pseudomonas,7,3,2,2,3,2,1,3,3,1,0,1,0,0,1,0,2,1,1,1,1,1,0,1,2,5,2,1,1,1,1,2,2,0,5,0,1,0,1,2,1,1,2,0,0,5,3,0,2,0,0,1,2,1,2,2,1,1,2,0,1,0,1,2,miRNA
URS0000E2C310/Otariodibacter,0,0,0,0,6,0,3,0,3,1,2,0,0,0,0,0,0,0,0,0,0,0,1,0,0,0,0,0,0,7,9,0,0,0,0,1,3,0,2,0,3,1,1,1,0,8,3,0,0,0,1,14,0,0,1,1,0,0,0,10,0,0,0,1,miRNA
URS0000E2CCA8/Stenotrophomonas,3,1,1,0,0,1,1,0,2,1,4,1,1,2,0,1,1,1,0,0,1,3,0,2,1,0,0,1,1,2,2,3,1,2,1,2,0,1,2,1,2,1,4,1,0,0,1,2,3,0,1,1,1,2,3,0,1,0,0,3,0,1,2,2,miRNA
URS0000DE2144/Pseudomonas,1,1,3,3,3,1,1,3,3,2,0,0,0,0,0,2,1,1,1,1,2,1,0,1,0,6,1,2,2,1,1,2,2,0,6,0,1,0,1,2,1,1,0,0,0,4,2,2,1,1,0,1,1,3,2,1,3,1,3,0,1,1,2,3,miRNA
URS0000DE7374/Pseudomonas,1,1,2,3,1,2,1,5,3,0,1,2,0,0,1,1,1,2,0,1,2,1,0,0,0,4,0,3,3,0,2,3,1,0,6,0,1,1,1,1,2,1,0,0,0,4,3,2,4,1,0,1,1,1,2,2,2,2,2,0,2,1,1,3,miRNA
URS0000E429A5/Thiocapsa,5,1,0,2,1,0,4,0,4,0,0,0,3,0,1,0,1,9,0,1,0,0,0,0,0,0,0,0,2,0,0,6,0,0,0,2,4,0,5,2,0,0,0,0,0,0,5,0,1,0,0,1,0,0,2,0,2,0,0,11,1,8,0,0,miRNA
URS0000E4BB21/Stenotrophomonas,4,1,1,0,1,1,1,0,1,0,4,2,1,2,0,1,2,2,0,1,2,3,0,2,1,0,0,1,1,2,2,4,1,1,1,1,1,3,2,1,2,2,4,1,0,0,1,2,2,0,2,1,0,3,1,1,1,1,0,2,0,1,4,3,miRNA
URS0000E4EFDA/Stappia,0,0,0,0,4,0,3,0,6,1,3,0,0,0,1,0,0,0,0,4,3,0,0,0,0,0,0,2,0,0,11,0,0,0,0,2,1,6,0,0,4,3,2,2,0,4,7,0,0,2,2,9,0,3,0,0,0,1,0,5,0,0,1,0,miRNA
URS0000E5D664/Stenotrophomonas,4,0,2,0,0,2,1,0,2,0,4,1,2,2,0,1,0,1,1,0,1,4,0,3,1,2,3,2,1,2,0,3,2,3,3,1,2,1,3,1,2,1,4,0,0,0,1,2,2,0,1,1,0,3,2,0,1,0,0,3,1,1,1,3,miRNA
URS0000D7C8DE/Brevundimonas,0,0,0,0,0,3,0,1,1,1,2,0,0,2,0,2,1,1,2,1,1,2,2,2,2,0,6,1,0,3,1,1,1,3,1,0,0,3,4,2,4,0,4,1,0,3,0,1,1,0,0,1,1,2,3,0,0,3,1,1,0,0,1,0,miRNA
URS0000D7E1AA/Streptomyces,0,0,0,0,0,0,0,0,1,0,3,0,0,0,0,0,1,1,0,0,0,2,1,1,1,2,3,1,0,2,0,1,0,1,1,0,0,6,5,0,0,2,2,0,0,0,0,0,0,0,0,0,0,0,0,0,0,0,1,0,0,0,0,0,miRNA
URS0000D81E15/Massilia,0,0,0,0,0,0,2,0,0,2,4,2,0,1,1,2,2,2,1,2,0,6,4,3,1,2,1,1,1,4,1,1,1,0,1,3,2,4,2,2,3,2,5,0,1,0,3,0,0,1,1,0,2,1,2,0,0,5,2,1,0,0,1,1,miRNA
URS0000D845F5/Streptomyces,0,0,0,0,0,2,0,0,0,0,2,0,0,0,0,0,0,0,1,0,0,3,3,1,1,1,4,1,0,1,1,0,0,2,0,1,0,4,1,0,2,1,3,1,0,1,0,0,0,0,0,0,0,1,1,0,0,0,1,0,1,0,0,0,miRNA
URS0000D8E4B4/Jiangella,1,0,1,0,2,0,0,2,1,1,4,1,0,1,0,1,0,2,3,1,0,3,2,0,1,4,1,1,0,2,2,1,1,0,2,0,1,2,5,1,3,1,3,1,0,4,1,1,1,0,0,3,1,1,2,1,3,0,2,0,0,2,0,1,miRNA
URS0000D8EE36/Massilia,0,1,1,1,1,2,2,0,0,3,1,1,0,1,0,0,1,1,1,2,4,4,5,1,1,1,3,2,1,5,1,1,0,0,2,3,1,5,2,1,2,3,5,1,2,0,2,0,0,1,0,0,0,1,3,0,0,5,2,1,1,0,0,1,miRNA
URS0000D8F021/Frankia,0,0,0,0,0,1,1,0,1,1,0,0,0,0,0,0,0,3,0,0,1,2,0,0,1,3,2,1,0,2,0,0,0,0,0,1,1,2,7,0,0,0,3,1,0,0,1,0,0,0,0,0,0,0,1,0,0,2,0,0,0,0,0,0,miRNA
URS0000D91E04/Streptomyces,0,0,0,0,0,2,1,1,0,1,0,1,0,1,0,0,1,1,0,0,0,5,5,0,3,5,6,5,0,3,0,0,1,1,2,1,0,4,7,1,0,4,3,0,0,1,6,0,0,0,0,0,1,3,1,1,1,1,1,1,0,0,0,0,miRNA
URS0000D96D3E/Massilia,0,0,0,0,0,1,2,0,2,2,1,2,0,1,0,0,1,1,1,2,0,5,6,1,2,1,2,1,1,4,2,1,1,1,1,2,2,4,2,2,1,1,7,1,1,1,0,0,0,1,0,0,0,3,2,0,0,4,1,0,0,0,1,0,miRNA
URS0000D97C78/Curtobacterium,0,1,0,0,2,1,1,0,0,1,1,2,0,0,0,0,0,0,1,1,1,2,3,0,3,1,5,2,0,1,3,0,0,0,1,1,0,4,2,2,2,3,1,0,0,4,0,0,0,2,0,1,0,1,3,1,0,0,1,0,0,1,0,0,miRNA
URS0000D9DBA2/Propionibacteriaceae,1,0,0,0,0,1,2,0,0,1,2,0,0,1,1,0,0,2,0,0,2,0,4,2,3,4,7,3,0,2,0,0,0,0,2,0,2,7,5,2,1,3,3,2,0,3,2,1,0,3,1,0,0,0,1,1,0,1,2,0,0,0,1,0,miRNA
URS0000DA09F0/Streptomyces,1,1,1,0,1,1,2,0,2,0,3,1,0,0,0,0,0,3,1,0,0,4,3,2,1,3,2,3,2,2,0,1,1,1,2,1,2,2,4,1,1,3,6,1,0,2,1,0,0,0,1,0,0,1,2,1,1,0,2,0,0,3,0,0,miRNA
URS0000DA17D4/Massilia,0,1,1,1,1,0,1,0,0,3,2,2,0,1,0,2,2,3,1,2,1,7,5,2,2,2,1,0,1,4,1,0,0,1,1,2,2,4,3,2,3,2,5,0,1,0,2,0,0,0,0,0,0,1,3,0,0,3,3,2,1,0,1,1,miRNA
URS0000DAA1C0/Arthrobacter,0,0,0,0,0,1,0,0,0,3,2,0,0,0,0,0,1,0,0,0,0,2,0,1,0,2,4,0,0,1,1,2,0,1,1,1,1,2,2,2,2,0,0,1,0,0,1,1,0,0,1,0,1,1,2,0,0,2,0,0,0,0,1,0,miRNA
URS0000DB1C83/Tsukamurella,1,0,2,0,2,2,1,0,0,0,2,0,0,1,0,0,0,0,1,1,0,2,2,2,2,4,2,2,0,2,2,2,1,1,2,0,0,5,6,0,4,4,2,0,0,1,1,1,0,0,2,1,1,1,0,0,1,0,2,2,0,1,0,0,miRNA
nameseq,A_AA,A_AC,A_AG,A_AT,A_CA,A_CC,A_CG,A_CT,A_GA,A_GC,A_GG,A_GT,A_TA,A_TC,A_TG,A_TT,C_AA,C_AC,C_AG,C_AT,C_CA,C_CC,C_CG,C_CT,C_GA,C_GC,C_GG,C_GT,C_TA,C_TC,C_TG,C_TT,G_AA,G_AC,G_AG,G_AT,G_CA,G_CC,G_CG,G_CT,G_GA,G_GC,G_GG,G_GT,G_TA,G_TC,G_TG,G_TT,T_AA,T_AC,T_AG,T_AT,T_CA,T_CC,T_CG,T_CT,T_GA,T_GC,T_GG,T_GT,T_TA,T_TC,T_TG,T_TT,label
URS00006267D0/Sphingomonas,1,1,1,0,0,3,0,2,0,2,0,1,0,0,0,0,1,0,0,0,2,6,3,2,2,3,7,1,0,6,1,0,1,1,2,1,1,3,4,1,5,0,4,1,0,1,1,2,0,2,1,1,1,2,2,1,0,1,1,0,0,1,1,1,pre_miRNA
URS000062767A/Oceanicaulis,1,1,5,1,0,3,1,2,2,2,2,0,1,0,0,1,2,0,1,0,1,1,3,2,3,2,8,0,0,3,0,3,3,1,2,2,0,5,4,1,2,2,4,2,1,2,1,1,0,0,0,2,0,4,1,1,3,1,0,0,2,2,2,1,pre_miRNA
URS0000628C6D/Streptomyces,0,0,0,0,0,2,0,1,1,0,0,1,0,0,1,0,0,0,0,1,2,8,3,1,1,1,1,1,0,1,1,2,0,0,1,0,0,1,1,0,3,1,7,4,0,1,4,1,0,2,2,0,0,1,1,2,0,1,3,0,0,4,0,1,pre_miRNA
URS0000641C54/Sphingomonas,1,0,1,1,0,4,0,1,2,2,2,0,1,0,0,0,0,0,0,1,0,3,4,0,3,4,7,1,0,4,2,0,1,0,3,4,2,2,4,2,5,2,3,1,0,3,2,0,0,1,1,1,0,2,3,1,0,0,2,0,0,1,0,0,pre_miRNA
URS000064442F/Orientia,7,3,3,12,3,0,2,6,2,1,2,3,6,3,4,12,7,0,2,3,0,0,0,2,3,1,1,2,2,2,0,4,4,2,1,2,3,3,1,1,1,0,0,0,3,4,1,5,11,2,4,7,2,1,4,1,8,2,1,3,8,5,3,7,pre_miRNA
URS0000644F33/Deinococcus,0,0,0,0,0,0,0,1,0,0,1,1,0,0,0,0,0,1,0,0,1,7,1,1,1,2,1,0,0,1,1,0,0,0,1,0,0,4,1,0,1,1,8,1,0,0,2,0,0,0,1,0,0,1,0,0,0,1,1,0,0,0,0,0,pre_miRNA
URS0000659E8A/Sphingomonas,0,0,3,2,0,2,2,1,5,1,1,0,1,1,0,0,0,0,1,0,4,6,3,0,3,3,8,1,0,5,0,0,0,2,5,2,0,4,5,3,6,2,4,0,0,1,2,1,1,1,1,1,0,2,1,0,0,3,0,0,0,0,0,0,pre_miRNA
URS000065AB21/Spirosoma,0,3,1,1,1,2,5,1,0,2,2,1,2,0,1,0,1,5,1,1,1,2,2,1,2,3,5,6,1,5,0,1,1,3,1,1,3,4,8,0,2,1,0,3,0,2,3,2,0,2,0,1,2,2,2,0,4,0,1,1,2,0,1,0,pre_miRNA
URS0000664CD3/Spirosoma,1,1,1,0,1,2,4,0,0,4,2,1,2,2,1,0,1,5,0,2,1,0,2,0,4,0,4,4,0,5,1,2,1,3,1,4,1,3,7,0,1,1,0,1,1,3,2,1,0,0,1,1,3,2,3,2,4,0,2,3,1,1,0,0,pre_miRNA
URS000066A14B/Spirosoma,0,0,0,3,0,2,4,1,0,2,2,0,0,0,1,1,1,4,0,1,2,1,1,0,2,1,3,4,1,4,1,1,0,2,0,2,2,2,7,1,2,0,0,3,0,3,2,2,0,2,0,1,0,0,2,1,5,0,3,1,1,2,2,0,pre_miRNA
URS0000671A39/Sphingomonas,3,0,3,1,0,3,1,0,2,3,2,2,0,1,0,0,0,1,1,0,1,8,4,0,2,5,10,0,0,3,1,0,3,0,6,1,1,3,7,3,7,1,4,2,0,2,2,1,0,2,0,0,2,1,1,1,0,1,2,0,0,1,0,0,pre_miRNA
URS0000678D93/Amycolatopsis,0,0,0,0,1,2,2,1,0,1,0,0,0,0,0,0,0,1,1,1,0,6,2,0,1,4,10,4,0,1,2,0,0,3,0,0,0,5,5,2,0,1,0,1,1,5,1,0,0,0,0,0,2,1,2,1,1,1,1,1,0,0,1,0,pre_miRNA
URS0000626327/Pseudomonas,1,2,1,0,0,3,1,1,0,1,1,1,0,0,0,0,1,1,1,1,2,1,4,2,1,4,3,3,0,2,3,0,2,0,1,0,2,3,1,2,2,4,4,2,1,1,1,2,1,1,0,0,0,5,2,0,0,1,1,0,1,0,3,1,pre_miRNA
URS00006F9B91/Streptomyces,0,1,0,1,1,3,0,3,0,0,1,0,1,0,0,0,1,0,2,0,1,0,0,4,2,0,3,0,0,0,1,0,1,1,1,0,0,1,0,3,2,2,0,1,2,3,0,1,0,1,2,0,0,0,0,0,1,1,2,1,0,3,3,0,pre_miRNA
URS000068AB10/Sphingomonas,0,0,1,1,0,3,1,1,2,2,2,1,0,1,0,0,0,1,2,1,2,7,3,0,2,4,8,2,0,2,1,0,0,0,4,0,2,2,7,3,5,2,8,2,0,4,2,1,1,2,2,0,0,2,1,1,1,0,1,0,0,2,0,0,pre_miRNA
URS00006905AC/Sphingomonas,0,1,1,0,0,2,2,3,1,1,0,0,0,1,0,0,0,0,2,2,1,7,4,1,2,5,9,0,0,7,0,0,0,0,4,1,2,4,6,1,5,4,5,1,0,1,1,0,0,0,0,1,1,2,1,1,0,0,3,1,0,3,0,0,pre_miRNA
URS0000693689/Sphingomonas,0,1,2,1,2,4,2,2,2,2,0,0,0,0,0,0,1,3,0,1,1,8,4,1,3,6,7,0,0,5,1,0,0,0,2,3,3,2,5,1,5,0,3,1,0,3,1,0,0,1,2,1,1,2,1,1,0,0,1,0,0,2,0,0,pre_miRNA
URS0000694075/Isoptericola,0,0,1,0,1,3,1,0,0,1,0,0,0,1,0,0,0,0,0,0,0,1,7,1,2,5,6,2,1,5,0,0,0,1,1,3,0,4,4,2,3,2,3,2,0,2,1,1,0,0,1,0,0,1,4,0,0,2,2,1,0,1,0,1,pre_miRNA
URS00006AAA9E/[Cellvibrio],0,0,0,0,1,2,1,0,2,1,2,0,0,0,1,0,1,2,0,0,2,4,7,0,1,2,4,2,1,2,1,1,0,4,2,0,1,6,2,1,1,3,2,1,0,1,1,0,0,0,1,0,0,0,1,1,0,1,0,4,0,1,0,0,pre_miRNA
URS00006C0954/Desulfovibrio,0,0,0,0,0,1,4,0,1,0,3,0,0,0,0,1,0,1,1,0,0,3,4,1,2,4,8,3,0,1,3,0,0,2,2,3,2,6,3,1,4,0,7,1,0,6,1,1,0,0,0,0,0,3,1,2,0,4,3,0,0,0,1,1,pre_miRNA
URS00006C2D07/Sphingomonas,0,1,2,0,0,2,1,2,0,2,0,1,1,2,0,0,1,0,0,1,2,4,3,1,2,4,8,0,0,4,1,1,0,0,3,1,2,4,7,1,5,2,3,3,0,2,1,1,0,1,1,2,0,2,1,1,0,1,4,0,0,2,1,4,pre_miRNA
URS00006C424C/Janibacter,1,0,2,0,1,4,0,1,2,0,1,3,1,1,2,2,3,3,0,2,4,3,1,2,0,0,0,0,1,3,1,0,3,2,0,0,0,2,1,0,2,0,3,3,1,1,2,1,1,1,3,1,1,2,0,0,1,0,5,1,0,1,0,2,pre_miRNA
URS0000ABE4C9/Alicyclobacillus,2,0,1,0,3,0,2,1,4,1,3,0,1,0,2,0,0,0,0,3,1,0,0,0,0,0,0,0,2,3,6,0,0,0,0,0,1,2,0,1,5,0,3,0,2,5,7,0,0,1,0,14,1,1,1,0,0,1,0,9,0,0,1,2,pre_miRNA
URS00006CE428/Ktedonobacter,1,1,0,1,4,2,1,1,1,0,0,2,1,1,1,1,0,5,4,0,2,1,0,1,1,3,3,0,0,0,1,1,2,1,1,0,3,2,0,1,2,0,2,2,1,0,5,1,0,1,1,0,0,1,0,2,0,2,0,4,0,1,3,2,pre_miRNA
URS0000AEF85E/Eubacterium,0,0,0,0,3,1,1,0,6,2,4,0,0,0,0,0,0,0,0,0,3,1,1,0,0,0,0,1,0,3,10,0,0,0,0,0,2,1,1,0,3,1,0,0,0,10,6,0,0,0,0,18,0,1,0,4,0,0,0,6,0,0,0,0,pre_miRNA
URS00006CB858/Streptomyces,0,0,0,0,0,0,0,3,1,2,0,0,0,0,1,1,0,0,0,2,0,3,6,0,0,2,5,5,1,2,0,0,0,2,1,0,0,3,5,1,5,2,2,3,0,5,3,0,1,1,1,0,0,3,2,0,0,0,4,1,0,2,1,0,pre_miRNA
URS0000B04871/Nitrosomonas,0,0,0,0,0,0,0,0,0,0,15,0,0,0,0,0,0,0,0,0,0,0,0,0,0,0,0,0,0,1,15,0,0,0,0,0,15,0,0,0,0,0,0,0,0,15,0,0,0,0,0,16,0,0,0,0,0,0,0,15,0,0,0,0,pre_miRNA
URS00006E654D/Sphingomonas,1,0,3,1,0,3,0,2,2,3,1,0,0,0,0,0,0,0,3,0,1,6,6,1,2,3,9,0,0,4,0,1,1,0,5,1,1,2,5,3,8,2,6,1,1,3,2,1,0,2,0,0,0,2,1,2,1,1,1,2,0,3,0,0,pre_miRNA
URS00006F7857/Sphingomonas,0,0,0,1,1,4,2,0,1,1,0,1,0,1,0,0,0,1,0,0,1,5,4,0,2,5,7,1,0,3,2,1,0,1,4,1,1,2,5,3,4,4,3,2,0,2,1,0,1,1,2,0,0,1,2,1,0,0,1,1,0,1,0,1,pre_miRNA
URS00006FF92D/Syntrophobotulus,2,3,1,4,2,1,1,0,0,0,1,1,3,2,0,3,3,1,0,0,1,0,0,1,1,0,1,1,1,0,2,0,0,1,0,2,0,0,0,1,1,1,0,1,1,1,1,2,2,0,2,1,1,1,0,3,1,0,1,2,2,1,3,4,pre_miRNA
URS000070118B/Desulfovibrio,10,1,1,2,2,1,0,1,0,2,1,1,0,1,2,0,4,1,0,0,3,0,2,0,0,2,0,0,0,0,0,2,3,0,0,1,1,0,1,0,0,4,1,0,0,0,1,2,1,0,0,0,0,1,3,0,0,2,0,1,0,0,2,3,pre_miRNA
URS0000708DA4/Clostridium,2,1,2,2,1,1,2,1,2,1,1,0,1,0,1,1,1,0,1,0,1,0,1,4,1,5,2,3,1,0,0,2,3,1,2,1,1,1,1,1,2,0,2,0,1,4,1,1,1,1,1,1,0,2,1,2,1,1,0,1,1,2,3,3,pre_miRNA
URS0000702BED/Sphingomonas,0,1,2,1,0,5,0,1,3,3,1,1,0,0,0,0,1,1,3,0,0,3,4,0,2,3,9,1,0,3,0,1,0,0,5,2,2,3,7,1,7,1,5,1,0,3,2,0,0,1,0,1,1,1,1,0,1,0,3,0,0,1,0,0,pre_miRNA
URS0000710BFC/Desulfitobacterium,2,0,1,1,2,2,0,1,1,0,2,2,3,3,2,0,0,0,0,1,0,4,0,2,2,0,2,1,0,0,2,1,1,1,0,2,1,1,0,0,2,0,2,0,2,0,1,2,2,3,3,3,2,2,0,0,0,0,0,1,0,1,0,1,pre_miRNA
URS000070E1D1/Streptomyces,0,0,1,0,0,1,4,0,1,3,1,2,0,0,0,0,1,1,2,0,0,6,2,2,3,0,4,1,0,5,1,0,0,1,2,1,4,2,3,1,2,2,3,1,0,2,0,0,1,3,1,0,1,1,0,1,1,0,1,0,0,0,1,1,pre_miRNA
URS0000711607/Sphingomonas,0,1,0,0,1,1,1,0,2,2,3,1,0,1,3,0,1,3,0,1,1,6,2,1,3,4,9,0,0,3,1,1,0,1,4,0,0,6,7,5,4,3,8,1,0,1,2,1,1,0,3,1,1,0,2,1,1,1,1,2,0,2,0,1,pre_miRNA
URS00007200E3/Sphingomonas,0,0,0,2,0,1,0,0,3,1,2,1,1,0,0,0,0,1,1,0,2,7,5,2,3,3,8,0,0,5,1,0,0,0,2,2,0,6,6,3,3,4,4,0,0,1,2,1,1,2,2,0,0,3,1,1,0,2,0,0,0,1,0,1,pre_miRNA
URS0000B2061E/Aeromonas,0,0,0,0,2,0,2,0,6,1,2,4,0,0,0,0,0,0,0,2,2,0,0,0,0,0,0,0,0,0,12,0,0,0,0,0,0,2,1,0,2,2,0,1,0,11,6,0,0,2,0,13,4,0,1,3,0,0,0,6,0,0,0,5,pre_miRNA
URS0000B87145/Azospirillum,0,0,0,0,3,0,0,0,3,1,8,0,0,0,2,0,0,0,0,3,1,0,1,0,0,0,0,2,0,0,10,0,2,0,0,0,4,3,3,0,3,0,3,0,0,8,6,0,0,0,0,12,0,1,0,0,0,4,0,9,0,0,0,0,pre_miRNA
URS000064D943/Hoeflea,1,0,0,0,0,3,2,2,0,0,3,2,0,2,0,1,1,3,1,1,1,6,0,2,2,0,3,1,0,3,1,1,3,1,3,0,2,1,3,0,4,1,10,0,0,1,2,1,1,0,1,0,1,3,0,0,1,2,2,1,0,0,1,0,pre_miRNA
URS000085DF8E/Thiomonas,0,0,0,0,0,0,13,0,1,0,0,0,0,0,0,0,0,0,0,0,1,0,0,0,0,1,0,0,0,1,13,1,0,0,0,1,0,1,1,1,12,1,1,0,0,13,1,0,0,0,0,13,0,0,1,0,0,0,1,14,0,0,0,0,pre_miRNA
URS0000EE0D8E/Methylosinus,0,0,0,0,3,0,3,0,8,2,2,0,0,0,0,0,0,0,0,2,1,0,0,0,1,0,0,0,0,0,11,0,0,0,0,2,3,2,0,0,2,2,5,2,0,6,6,0,0,1,1,13,0,0,2,0,0,1,1,4,0,0,0,0,pre_miRNA
URS0000EE5BFD/Rhizobium,0,0,0,0,4,0,2,0,5,1,2,1,0,0,0,0,0,0,0,1,1,1,2,0,0,0,0,2,0,0,12,0,0,0,0,0,0,3,2,0,5,2,2,0,0,8,6,1,0,1,0,14,1,1,0,1,0,1,0,8,0,0,1,1,pre_miRNA
URS000168884C/Bradyrhizobium,0,0,0,0,1,0,4,0,5,0,5,0,0,0,0,0,0,0,0,1,0,0,0,0,0,0,0,3,0,0,12,0,0,0,0,0,5,4,2,0,4,0,4,0,0,8,7,0,0,1,0,13,0,0,0,0,0,3,0,10,0,0,0,0,pre_miRNA
URS00019CAB74/Hoeflea,0,0,0,3,0,3,2,2,1,0,3,1,0,0,0,0,0,1,2,2,1,7,2,3,1,2,1,0,1,1,2,1,3,0,1,1,3,0,1,0,4,2,5,1,0,2,3,0,0,0,2,0,1,2,1,0,0,3,2,0,0,4,0,0,pre_miRNA
URS00019D3619/Paenibacillus,0,0,0,0,0,0,3,0,10,1,3,0,0,0,1,0,0,0,0,1,1,0,0,0,0,0,0,2,0,2,9,0,0,0,0,0,4,2,1,0,3,0,0,2,0,7,8,1,0,0,0,18,0,0,2,1,0,1,0,6,0,2,1,0,pre_miRNA
URS0001D405D3/Novosphingobium,0,0,2,1,0,2,0,0,3,0,2,1,0,1,0,0,0,2,0,0,0,11,1,4,3,1,1,1,0,5,0,1,0,0,4,0,0,1,2,0,3,1,13,1,0,2,2,1,1,1,1,0,1,1,1,4,0,0,1,0,0,0,2,1,pre_miRNA
URS0001D59180/Novosphingobium,1,0,2,0,1,2,1,0,3,1,2,0,0,1,0,0,1,1,0,1,0,11,1,3,3,1,3,0,0,5,0,1,0,1,5,0,1,2,1,1,1,2,11,1,0,0,1,0,1,0,1,0,1,1,0,3,0,0,0,0,0,1,1,1,pre_miRNA
URS0001D83F4C/Novosphingobium,0,0,2,0,1,3,0,0,3,1,4,0,0,0,0,0,2,3,1,0,1,10,0,5,2,0,0,1,0,5,0,0,0,0,3,0,1,1,0,1,0,2,11,2,1,1,3,1,1,0,1,0,1,1,1,3,0,0,2,0,0,1,1,2,pre_miRNA
URS0001EE224C/Mucilaginibacter,5,2,2,3,1,0,0,1,2,2,1,0,1,1,0,2,0,0,1,0,0,0,0,0,0,0,0,1,1,0,2,4,2,0,2,0,0,2,0,1,1,0,0,0,1,0,1,2,3,0,1,3,2,0,0,2,2,0,2,2,3,2,1,3,pre_miRNA
URS0001FAD0CE/Novosphingobium,0,0,3,0,1,4,0,0,3,1,2,0,1,1,0,0,2,4,0,0,1,10,0,4,2,0,1,0,0,5,0,1,1,0,3,0,0,0,2,2,0,1,11,2,0,1,1,1,1,0,1,0,1,1,0,3,1,0,2,0,1,0,1,1,pre_miRNA
URS00020B3722/Rhizobacter,2,2,1,0,3,0,2,0,0,3,1,0,0,0,0,0,1,1,2,0,1,4,1,1,1,2,2,1,0,1,0,3,1,2,0,1,1,2,2,1,2,1,2,1,0,0,4,1,0,0,0,0,0,0,3,1,0,4,0,1,0,1,1,2,pre_miRNA
URS000218FA5D/Geodermatophilus,0,0,0,0,0,3,2,0,2,3,2,0,0,1,0,0,0,3,1,1,2,4,2,0,4,4,3,1,0,4,2,0,1,1,2,1,2,6,6,1,1,1,1,1,0,1,2,0,0,0,1,1,0,0,2,2,0,0,2,2,0,0,0,0,pre_miRNA
URS0002191314/Nocardioides,1,0,1,0,3,0,0,0,0,1,3,1,1,3,1,0,1,0,3,0,0,5,4,3,3,5,2,1,0,1,1,3,1,1,2,0,3,6,1,2,1,2,1,1,0,1,2,0,0,3,1,0,0,1,0,3,0,1,2,1,0,1,1,0,pre_miRNA
URS00021A5510/Sphingomonas,0,0,1,0,0,2,1,0,1,1,2,2,0,0,1,1,1,1,1,1,2,4,3,0,0,5,7,1,0,1,0,1,2,1,1,0,0,8,3,2,2,1,4,1,1,2,2,0,0,1,0,1,0,0,3,0,2,1,2,0,0,0,1,0,pre_miRNA
URS00021B3E0C/Burkholderia,0,0,0,0,0,0,15,0,0,0,0,0,0,0,0,0,0,0,0,0,0,0,0,0,0,0,0,0,0,0,16,0,0,0,0,0,0,0,0,0,15,0,0,0,0,15,0,0,0,0,0,15,0,0,0,0,0,0,0,16,0,0,0,0,pre_miRNA
URS00021B574C/Sphingopyxis,2,1,0,0,1,2,2,0,0,1,1,0,0,0,1,0,0,1,2,0,1,7,4,1,1,8,4,2,0,2,0,0,0,0,2,0,0,2,6,4,2,4,8,0,1,2,2,0,0,0,2,0,1,1,1,0,0,2,0,1,0,0,0,0,pre_miRNA
URS00021B6D5D/Frigoribacterium,0,0,0,0,2,3,0,0,2,1,1,0,0,0,0,0,1,2,0,0,0,5,8,1,2,3,3,1,0,5,0,0,0,1,2,0,0,1,4,3,1,2,2,3,0,3,1,0,1,1,0,1,0,1,1,1,0,1,1,1,0,1,1,0,pre_miRNA
URS00021BBCF7/Sphingomonas,0,3,1,0,2,1,3,0,3,2,3,0,0,0,1,1,1,4,1,2,1,7,4,2,1,3,8,3,0,1,2,1,1,2,3,1,3,7,5,1,4,3,3,0,0,2,3,0,2,0,0,0,1,3,2,0,2,3,0,0,0,0,0,1,pre_miRNA
URS00021C4435/Sphingopyxis,0,0,1,0,0,2,1,1,0,2,2,0,0,1,0,0,1,4,0,1,0,7,4,2,1,3,5,2,1,2,0,2,1,0,1,0,1,4,6,1,3,3,6,0,2,0,1,2,0,1,0,0,0,0,3,1,0,4,0,0,1,0,0,0,pre_miRNA
URS00021C6515/Sphingomonas,0,0,0,1,1,2,3,1,0,3,2,0,0,1,1,1,1,2,1,2,4,7,3,1,3,5,7,2,1,2,1,2,1,4,3,1,1,7,6,1,2,1,3,2,1,1,3,0,0,0,1,0,0,3,3,0,2,5,0,0,0,0,0,0,pre_miRNA
URS00021CDBAD/Sphingopyxis,1,1,0,0,0,0,0,1,2,2,3,0,0,2,0,0,1,2,0,0,0,7,5,2,0,9,3,1,2,2,1,1,1,0,2,0,0,4,7,4,1,3,8,1,1,0,3,1,0,1,1,1,0,1,4,1,1,2,0,1,0,0,0,2,pre_miRNA
URS00021D0566/Allostreptomyces,0,1,0,0,1,0,3,0,1,1,3,0,0,2,0,0,0,3,2,0,0,1,3,1,4,2,5,3,0,1,1,0,0,1,1,1,1,8,5,2,4,1,3,1,0,1,3,1,0,3,0,0,0,0,1,0,1,0,2,1,0,1,0,0,pre_miRNA
URS00021D1193/Longimicrobium,2,0,1,0,0,5,2,1,1,1,1,0,0,0,0,0,1,0,2,1,2,1,4,1,2,5,4,2,0,1,2,2,2,3,1,0,2,3,3,1,2,3,4,0,0,2,1,0,0,0,1,0,0,1,1,2,0,2,1,0,0,2,0,3,pre_miRNA
URS00021D67C7/Microbacterium,1,2,0,0,0,3,2,0,2,2,1,0,0,1,0,0,1,1,4,0,3,5,3,2,3,4,3,1,0,1,1,0,0,2,2,1,1,4,4,1,2,3,2,2,0,1,2,3,0,0,0,0,0,1,1,1,1,0,5,0,0,1,1,1,pre_miRNA
URS00021DCD2B/Frigoribacterium,0,0,1,0,0,2,1,0,1,2,1,1,0,0,0,0,0,2,3,0,1,6,7,1,3,4,2,1,0,5,0,0,0,2,1,0,0,1,8,3,1,4,5,1,0,3,0,0,0,0,0,0,0,1,1,1,3,0,1,1,0,1,0,0,pre_miRNA
URS00021DD87A/Arthrobacter,0,0,1,0,1,1,1,0,0,2,0,0,0,1,1,1,0,2,0,1,1,2,4,1,0,6,7,0,1,0,0,2,1,1,2,2,0,2,6,0,4,1,3,4,0,3,2,1,0,0,0,0,1,2,4,1,1,3,1,0,0,1,0,0,pre_miRNA
URS00021E8BB2/Spinactinospora,0,0,0,1,0,1,1,0,1,0,1,1,0,0,0,0,0,1,0,0,2,6,5,1,1,4,3,2,0,3,2,0,0,1,1,0,0,6,4,1,3,2,5,1,0,2,0,0,0,2,1,0,0,0,2,1,0,1,1,0,0,0,0,0,pre_miRNA
URS00021EA957/Geodermatophilus,0,1,1,0,1,3,1,0,1,1,2,1,0,0,0,0,0,1,1,0,0,5,3,1,3,2,10,1,0,1,1,0,3,2,2,1,0,4,6,2,4,4,2,0,1,3,1,0,0,0,1,0,0,1,2,0,0,1,1,0,0,0,0,1,pre_miRNA
URS00021EBBE3/Streptomyces,0,0,0,0,0,1,1,0,2,2,0,4,0,0,0,0,0,0,0,1,2,2,3,1,1,1,4,1,3,3,1,0,0,5,1,0,0,5,1,1,1,2,3,1,1,1,1,0,0,1,3,0,0,1,5,1,0,0,0,0,0,0,0,0,pre_miRNA
URS0002272977/Streptomyces,0,0,0,0,0,2,0,0,1,2,1,3,0,1,0,0,0,0,1,0,0,4,3,1,2,2,5,2,2,1,2,2,0,3,2,0,2,3,4,1,1,3,4,3,1,1,1,1,0,1,2,0,0,3,5,0,0,0,1,0,0,2,0,0,pre_miRNA
URS0000AD9947/Acetitomaculum,1,0,0,0,1,0,2,0,8,2,1,1,0,0,2,0,0,0,0,1,1,0,2,0,0,0,0,0,0,0,9,0,0,0,0,0,3,0,0,0,4,1,2,0,0,9,7,1,0,1,1,15,1,0,0,2,0,0,0,9,0,0,1,1,pre_miRNA
URS0000ADE622/Ruminococcus,0,0,0,0,1,0,3,0,7,1,2,2,0,0,0,0,0,0,0,0,2,1,0,0,0,0,0,0,0,2,10,0,0,0,0,0,1,0,1,0,4,1,2,0,0,9,10,0,0,0,0,17,1,0,1,3,0,0,0,9,0,0,0,2,pre_miRNA
URS0000AE3423/Pseudobutyrivibrio,0,0,0,0,2,0,1,0,4,2,4,0,0,0,0,0,0,0,0,0,1,1,2,1,0,0,0,0,0,2,11,0,0,0,0,0,3,0,1,0,4,1,0,0,0,11,5,0,0,0,0,14,0,0,1,5,0,0,0,9,0,0,0,1,pre_miRNA
URS0000AEAAAF/Paenibacillus,0,0,0,0,2,0,4,0,3,1,3,1,0,0,0,0,0,0,0,0,0,0,0,0,0,0,1,0,0,0,14,0,0,0,0,0,7,0,1,0,3,0,4,0,0,14,1,0,0,0,0,14,0,0,1,1,0,1,0,14,0,0,1,1,pre_miRNA
URS0000AF2612/Pseudobutyrivibrio,0,0,0,0,2,0,0,0,4,1,4,3,0,0,0,0,0,0,0,0,2,0,1,0,0,0,0,0,0,2,10,0,0,0,0,0,1,0,2,0,3,2,2,0,0,10,9,0,0,0,0,14,2,1,0,4,0,0,0,10,0,0,0,3,pre_miRNA
URS0000B0EDE3/Azotobacter,0,0,0,0,0,0,1,0,0,0,13,0,0,0,0,0,0,0,0,0,0,0,0,0,0,0,0,2,0,0,14,0,0,0,0,0,12,1,0,0,2,0,0,0,0,13,1,0,0,1,0,13,0,0,0,0,0,0,0,13,0,0,0,0,pre_miRNA
URS0000B20B4E/Paracoccus,0,0,0,0,4,0,3,0,3,1,4,0,0,0,1,0,0,0,0,1,0,0,1,0,0,0,0,1,0,1,14,0,1,0,0,1,2,2,4,0,5,1,3,1,0,11,0,0,0,2,0,11,0,0,1,0,0,0,1,12,0,0,0,0,pre_miRNA
URS0000BE12C5/Actinobacteria,0,0,1,0,0,0,0,0,1,1,0,0,0,1,0,1,1,0,0,0,0,1,2,1,1,5,2,1,0,2,0,0,1,0,1,1,0,4,4,1,1,0,4,0,0,0,1,0,0,0,0,0,0,1,2,0,0,1,0,0,0,0,0,1,pre_miRNA
URS0000BE1525/Streptomyces,3,0,1,0,0,1,0,1,1,3,2,0,0,0,0,0,0,0,0,1,1,3,2,1,2,1,4,1,2,1,1,2,0,0,2,2,0,5,2,1,0,5,2,1,0,2,0,0,1,0,0,2,0,0,3,1,0,0,1,0,2,0,3,2,pre_miRNA
URS0000BE1B66/Sphingomonas,0,0,0,1,0,0,2,1,1,1,0,3,0,0,0,0,1,3,0,0,1,9,5,0,2,5,6,2,1,4,2,1,1,2,1,0,1,8,9,2,1,3,5,0,0,0,0,0,1,0,1,0,0,2,1,0,1,3,0,0,0,1,1,1,pre_miRNA
URS0000BE2761/Actinoplanes,0,0,1,0,1,2,1,1,0,0,2,0,0,0,1,0,0,1,0,1,0,3,4,2,2,8,4,3,1,1,2,0,1,2,1,0,1,8,4,1,0,2,2,1,1,1,0,2,0,0,0,0,0,4,2,0,0,0,3,0,0,1,0,2,pre_miRNA
URS0000BE28D6/Streptomyces,0,0,1,0,0,1,1,0,1,2,0,0,0,0,1,0,1,0,0,0,2,1,4,1,0,3,4,2,2,4,3,0,0,1,2,1,0,6,2,2,1,4,5,4,0,1,0,1,0,0,1,0,0,2,4,1,1,1,1,1,0,0,1,1,pre_miRNA
URS0000BE2F54/Sphingomonas,0,0,1,0,0,2,1,1,1,1,0,2,0,1,0,0,0,1,2,0,2,4,4,1,1,5,4,1,0,5,0,0,1,0,1,0,0,6,6,2,2,2,4,0,0,0,1,0,0,2,0,0,0,0,1,1,0,2,0,0,1,0,0,0,pre_miRNA
URS0000BE361E/Sphingomonas,2,1,2,0,0,2,2,1,2,2,0,3,0,0,1,1,2,1,3,0,0,6,3,1,2,7,7,1,1,5,0,0,1,2,2,0,2,7,10,2,2,3,6,0,1,0,2,0,0,0,0,1,0,1,2,0,1,2,0,2,0,0,1,1,pre_miRNA
URS0000BE3835/Curtobacterium,0,1,0,0,2,1,4,0,0,1,2,0,0,0,0,0,0,1,0,1,1,4,2,1,4,2,6,5,0,4,0,1,0,1,1,1,1,5,4,2,2,3,4,1,0,3,6,0,0,2,0,2,0,1,4,0,0,2,2,0,0,0,0,0,pre_miRNA
URS0000BE5020/Sphingomonas,0,0,0,1,0,2,1,0,1,3,0,0,0,0,3,0,1,1,0,2,1,5,3,1,2,5,9,0,1,3,0,1,0,0,2,2,2,5,9,1,3,3,5,1,0,0,2,2,0,1,0,0,0,2,3,0,0,4,0,1,0,0,0,0,pre_miRNA
URS0000BE5F59/Sphingomonas,0,1,4,1,0,1,0,1,4,3,0,1,0,0,1,0,0,1,2,2,1,6,3,0,2,6,8,1,0,2,1,0,1,2,1,1,3,6,8,3,2,3,8,1,1,1,3,1,0,0,0,1,1,0,2,0,1,3,0,2,0,0,4,0,pre_miRNA
URS0000BE62E7/Sphingomonas,0,1,1,1,0,1,1,1,1,1,1,2,0,0,0,0,0,1,0,1,0,5,4,2,1,5,9,2,0,5,0,0,0,0,2,1,3,6,8,2,3,3,6,1,0,1,4,2,0,0,2,2,0,0,2,0,1,5,0,1,2,1,2,2,pre_miRNA
URS0000BE6429/Sphingomonas,0,0,1,0,2,1,2,0,0,3,1,1,1,2,0,0,0,1,2,2,1,7,2,1,3,9,6,0,2,3,0,1,1,0,2,2,1,6,7,3,1,2,6,2,0,1,1,1,1,1,2,0,1,1,2,2,0,2,1,0,0,0,3,0,pre_miRNA
URS0000BE6735/Sphingomonas,2,1,0,1,1,3,1,0,0,5,0,1,2,0,0,0,0,5,0,0,2,10,6,0,2,6,6,1,0,4,0,2,3,0,2,0,3,6,7,1,1,2,5,0,0,0,1,1,0,0,2,1,0,0,3,1,0,1,0,2,1,1,0,1,pre_miRNA
URS0000BE781E/Sphingomonas,1,0,0,0,0,4,3,0,3,4,0,0,0,0,0,0,3,0,2,1,4,4,2,1,1,3,4,2,0,4,3,2,0,2,4,1,0,4,3,1,2,2,0,2,1,2,0,0,0,1,1,0,0,3,3,3,0,2,0,0,0,0,0,0,pre_miRNA
URS0000BE79F2/Sphingomonas,1,0,0,0,0,1,2,0,0,3,2,0,0,0,0,1,1,1,2,2,2,8,2,0,1,8,6,1,1,3,1,3,0,0,1,1,1,8,9,5,1,2,4,0,0,1,2,0,0,1,0,0,1,2,1,0,0,2,1,2,1,1,0,0,pre_miRNA
URS0000BE7B71/Sphingomonas,0,0,1,2,0,1,3,0,0,2,0,2,1,0,0,0,2,1,0,0,2,6,3,1,1,6,8,0,0,2,0,3,0,2,2,1,2,6,7,1,1,4,4,1,1,1,1,2,0,0,0,0,0,0,3,0,0,3,2,1,1,1,1,1,pre_miRNA
URS0000BE82D5/Bradyrhizobium,0,1,1,0,0,5,2,0,1,1,1,0,1,1,1,0,0,1,0,2,1,1,3,2,4,2,6,2,1,3,0,0,1,0,3,3,1,2,3,1,1,5,3,1,2,2,1,2,0,1,1,1,2,1,5,0,1,2,0,0,0,0,0,0,pre_miRNA
URS0000BE9662/Sphingopyxis,0,0,0,2,0,1,0,1,0,2,3,1,0,0,0,0,1,1,2,0,0,5,4,2,1,5,2,1,0,4,0,1,1,0,1,0,0,4,5,3,2,3,9,0,2,0,3,0,0,0,0,0,1,0,3,0,1,3,0,1,0,0,2,0,pre_miRNA
URS0000BE9AD0/Sphingomonas,0,0,0,1,0,0,2,0,0,1,4,1,0,1,0,0,1,2,1,0,1,6,3,1,1,5,7,2,1,5,1,2,1,0,1,2,3,7,9,1,1,3,5,0,1,0,2,0,1,0,0,1,0,3,1,0,1,4,0,1,0,0,0,0,pre_miRNA
URS0000BEAFF2/Deinococcus,3,1,2,0,1,0,3,0,1,1,2,0,0,3,1,1,0,1,1,1,0,3,1,0,2,1,1,4,0,1,1,3,2,1,3,1,1,2,1,2,4,1,0,1,2,1,1,0,1,2,2,0,1,0,2,3,3,0,2,0,0,2,0,0,pre_miRNA
URS0000BEB739/Anaerosporomusa,2,2,0,2,0,3,0,1,1,2,0,0,1,1,0,1,0,1,3,0,1,3,1,0,1,1,4,1,1,1,0,0,1,0,1,0,0,2,2,2,1,1,3,2,2,0,1,4,1,1,1,1,1,0,0,2,0,0,2,2,3,0,3,6,pre_miRNA
URS0000BEB76A/Sphingomonas,0,0,1,0,0,1,2,0,0,2,1,1,0,1,0,1,1,3,1,0,2,10,4,1,2,7,5,1,0,5,2,0,0,0,1,0,2,6,6,5,1,2,5,0,0,1,1,0,0,2,0,1,1,1,1,2,0,1,1,1,1,2,0,0,pre_miRNA
URS0000BEBBB1/Sphingomonas,0,0,1,1,0,1,3,0,2,1,1,0,0,0,0,0,0,1,1,0,2,6,3,1,1,9,7,0,3,2,1,0,0,1,3,1,0,6,8,3,1,3,6,1,1,1,0,1,0,0,1,1,0,1,2,1,1,2,0,1,0,3,0,1,pre_miRNA
URS0000BEC6A5/Sphingomonas,0,0,0,1,0,1,2,0,2,1,2,0,1,0,1,0,1,1,0,1,2,5,1,2,1,8,8,1,0,3,0,1,1,2,3,0,0,5,7,3,1,2,6,1,1,2,2,1,0,1,0,1,1,1,4,1,1,2,0,0,0,1,0,0,pre_miRNA
URS0000BECEE6/Sphingomonas,1,0,1,0,0,1,1,1,1,1,2,0,0,1,1,0,1,1,0,2,1,5,3,2,1,6,7,0,2,3,1,1,0,0,3,2,0,6,9,1,3,4,5,3,1,0,1,1,0,0,1,1,0,1,2,1,1,2,2,1,1,3,1,0,pre_miRNA
URS0000BED9F9/Deinococcus,0,2,1,0,0,0,1,0,1,2,2,2,0,0,0,0,0,0,0,0,2,3,2,3,0,4,4,1,1,3,1,1,1,3,2,1,2,3,1,1,1,1,3,0,0,1,0,2,0,0,0,0,0,5,2,2,0,0,0,0,2,0,1,0,pre_miRNA
URS0000BEDF5C/Sphingomonas,2,0,2,0,0,1,2,0,1,2,1,2,0,0,0,1,0,1,3,1,0,6,3,0,2,7,6,0,1,2,1,1,0,0,2,1,1,6,8,3,3,3,7,1,0,1,1,1,1,0,0,0,0,1,2,1,0,3,0,1,1,1,2,1,pre_miRNA
URS0000BEE2C5/Methylobacterium,0,0,0,0,1,1,6,1,2,2,1,0,0,0,0,0,0,2,3,1,1,4,4,2,2,3,7,5,0,7,2,0,0,2,0,0,4,7,3,1,3,3,2,2,1,3,4,1,0,4,1,2,0,2,3,1,1,1,2,1,0,0,0,1,pre_miRNA
URS0000BEE9FA/Sphingomonas,0,1,1,0,0,2,0,0,2,2,2,1,0,0,0,0,2,1,0,1,2,5,5,1,1,4,7,1,0,4,1,1,0,2,2,1,1,5,7,1,2,4,3,3,0,1,3,0,0,1,0,0,1,0,3,1,1,2,1,0,0,0,1,0,pre_miRNA
URS0000BEF037/Sphingomonas,0,0,0,1,0,0,1,1,2,1,1,0,2,0,1,0,2,2,0,1,1,8,6,2,0,5,7,0,0,5,0,0,0,0,1,1,1,6,8,1,2,5,3,0,0,1,0,1,0,1,1,0,0,0,1,1,0,3,1,1,0,0,1,1,pre_miRNA
URS0000BF096B/Sphingomonas,0,0,0,2,0,0,3,0,0,3,1,1,0,1,0,0,3,2,1,0,1,7,4,1,2,6,7,0,0,3,1,0,1,0,3,0,2,7,10,1,2,3,7,1,0,1,1,0,1,0,0,0,0,0,1,0,1,4,0,1,0,0,0,0,pre_miRNA
URS0000BF0A88/Sphingomonas,1,1,0,0,1,3,1,0,1,2,1,0,0,0,1,0,1,0,2,0,3,2,4,3,0,3,5,2,0,1,4,3,0,2,4,0,0,5,2,2,4,3,1,1,1,4,0,0,0,1,1,0,1,2,2,2,0,3,1,1,0,1,0,1,pre_miRNA
URS0000BF12CF/Microbacterium,0,1,1,1,0,1,1,2,1,2,1,0,0,0,0,0,1,1,1,0,0,1,7,2,3,3,4,0,0,2,1,0,1,0,0,2,0,5,1,3,4,2,3,2,0,4,2,1,0,0,1,0,0,1,3,0,0,2,1,1,0,2,1,1,pre_miRNA
URS0000BF40F4/Streptomyces,0,2,1,0,0,1,2,0,0,0,2,0,0,0,0,0,0,1,1,0,0,2,5,1,2,2,5,2,1,2,0,1,0,1,0,1,0,6,3,1,1,2,4,2,0,2,1,0,0,0,0,0,1,2,0,0,1,0,1,1,0,1,1,0,pre_miRNA
URS0000BF48FD/Streptomyces,0,1,0,0,0,1,2,0,3,0,4,0,0,0,0,0,1,1,0,0,0,4,3,1,2,2,2,3,0,5,0,2,1,0,3,1,1,4,4,2,1,5,4,1,0,0,3,0,0,1,0,1,1,0,3,1,0,1,0,1,0,3,0,0,pre_miRNA
URS0000BF526C/Sphingomonas,0,0,1,0,0,1,2,0,0,3,1,1,0,0,0,0,1,3,0,1,1,6,5,2,0,4,6,1,1,3,0,2,0,0,3,0,1,5,7,1,3,5,2,1,1,1,1,1,0,1,0,0,0,1,3,1,1,3,0,1,1,0,1,1,pre_miRNA
URS0000BF6027/Kocuria,1,0,1,0,1,1,2,0,2,2,1,1,0,0,0,0,0,1,2,1,2,3,2,0,3,4,4,3,0,1,0,1,0,3,3,0,1,3,4,2,2,3,5,0,0,4,1,1,0,0,0,0,0,1,4,1,0,0,1,1,0,1,2,0,pre_miRNA
URS0000BF6D1B/Tetrasphaera,1,2,1,0,1,0,2,1,1,2,0,1,0,3,1,0,0,2,1,1,3,8,6,2,2,4,2,2,0,2,2,0,0,3,1,1,2,3,3,1,3,0,1,1,0,2,1,0,0,2,1,0,0,0,2,2,3,1,0,0,0,1,0,1,pre_miRNA
URS0000BF7A47/Mobilicoccus,1,1,0,0,0,2,3,1,2,0,0,0,0,0,0,0,1,3,2,0,1,4,4,0,2,5,4,2,0,3,0,0,1,1,1,1,2,4,7,1,2,1,6,2,0,3,2,0,0,0,0,0,0,0,1,1,0,2,4,1,0,1,0,1,pre_miRNA
URS0000BF7F0C/Novosphingobium,0,0,0,0,0,2,4,0,1,1,1,0,0,0,0,1,1,1,3,2,2,4,2,2,0,5,2,2,0,6,0,1,0,1,1,0,2,3,4,2,4,1,2,1,0,1,3,1,0,1,0,0,0,3,2,1,0,3,2,1,0,0,1,1,pre_miRNA
URS0000BF837D/Oerskovia,1,0,0,0,3,1,1,0,2,3,2,0,0,0,0,0,0,5,2,0,1,5,8,0,1,4,2,1,0,2,1,1,0,1,2,1,1,5,2,3,2,2,3,0,1,2,1,0,0,0,0,0,0,1,0,1,0,0,3,2,0,1,0,0,pre_miRNA
URS0000BFADF4/Sphingomonas,0,0,0,1,0,1,1,1,0,2,1,0,1,0,0,1,2,3,0,0,2,6,5,2,0,5,8,1,0,2,1,0,1,0,1,0,2,7,7,2,1,5,2,1,0,0,1,2,0,1,0,0,0,0,2,0,0,2,3,1,0,3,1,0,pre_miRNA
URS0000BFB0F6/Arsenicicoccus,1,2,1,0,0,3,4,1,1,1,1,0,0,0,0,0,1,2,0,1,2,7,1,1,1,1,5,1,0,2,1,1,0,1,0,1,2,2,2,1,2,0,3,2,1,1,2,3,2,1,3,0,0,0,0,0,2,1,0,2,0,2,1,0,pre_miRNA
URS0000BFC365/Streptomyces,1,0,0,0,0,2,0,0,1,2,2,0,1,0,0,0,0,0,0,0,1,3,3,2,1,2,8,2,1,3,0,1,1,3,2,1,0,5,4,1,2,3,3,3,0,2,2,0,0,0,1,0,0,2,4,1,0,1,1,0,1,0,0,1,pre_miRNA
URS0000BFC90D/Litoreibacter,0,0,1,0,1,2,2,1,2,2,2,0,0,1,2,0,1,2,3,1,1,4,2,4,1,3,3,1,2,2,3,0,0,3,3,0,3,2,3,2,3,4,4,1,2,0,0,1,0,1,0,1,1,0,3,1,0,5,0,0,0,0,0,0,pre_miRNA
URS0000BFC939/Sphingomonas,0,1,1,0,0,1,1,0,2,2,0,3,0,0,1,1,0,2,1,0,3,7,2,0,1,4,8,0,0,4,2,1,0,0,1,3,2,7,9,1,2,2,6,0,1,1,0,0,0,0,1,2,0,1,1,0,0,2,0,3,1,1,2,0,pre_miRNA
URS0000BFDA12/Sphingopyxis,0,0,2,0,0,0,2,0,0,1,3,2,0,0,1,0,1,1,1,0,1,6,4,1,1,5,4,1,0,2,0,2,0,0,3,0,0,5,7,1,3,3,7,1,2,0,1,2,0,2,0,0,1,1,0,0,1,3,1,0,0,0,1,0,pre_miRNA
URS0000C0074F/Sphingopyxis,0,0,1,0,1,0,0,0,1,1,2,1,0,1,0,0,1,1,0,1,0,6,4,0,0,2,3,3,0,3,0,2,0,0,1,0,0,4,7,2,2,2,6,1,1,1,1,0,3,1,0,0,1,0,1,1,0,3,1,0,0,2,1,1,pre_miRNA
URS0000C017E4/Streptomyces,0,0,0,0,0,2,1,0,1,1,2,0,0,0,1,0,0,0,0,0,2,5,3,1,2,9,7,1,0,3,0,1,1,1,4,0,1,4,6,3,1,5,5,0,0,1,2,0,0,0,2,0,0,3,2,1,0,0,0,0,0,0,0,0,pre_miRNA
URS0000C02D48/Sphingopyxis,0,0,1,1,0,1,1,0,1,2,2,1,0,1,1,0,1,2,1,1,0,6,5,1,0,6,5,2,0,2,1,1,1,0,3,0,1,7,6,2,4,3,8,1,1,0,2,1,1,0,0,0,0,0,4,0,1,3,0,1,0,2,0,0,pre_miRNA
URS0000C031A2/Rathayibacter,0,1,3,0,2,1,2,0,1,1,1,0,1,1,0,0,1,1,1,1,1,4,2,0,1,4,2,1,0,1,1,3,1,0,5,0,0,3,3,3,2,3,4,1,1,2,2,0,0,0,1,0,0,0,0,3,3,2,2,1,0,0,1,0,pre_miRNA
URS0000C05095/Devosia,0,1,2,2,1,1,2,3,4,3,4,1,0,0,0,0,2,0,2,4,3,2,0,1,0,0,0,0,0,3,6,3,2,1,1,1,2,3,2,3,2,3,1,0,1,4,1,1,2,0,3,1,1,2,0,1,2,3,2,1,1,2,0,2,pre_miRNA
URS0000C08AB5/Devosia,0,1,1,1,0,2,0,4,1,1,2,0,0,1,1,0,3,0,0,3,3,5,4,0,1,2,8,0,0,3,0,1,1,1,2,0,2,5,3,1,2,1,4,2,0,1,3,1,0,2,1,0,0,1,1,0,3,1,0,2,0,3,1,0,pre_miRNA
URS0000C097DC/Devosia,1,1,1,1,0,2,1,2,0,1,2,0,0,1,0,1,1,1,1,2,2,5,4,1,0,2,7,2,0,2,1,1,0,0,1,1,2,5,4,1,4,1,2,2,1,3,1,1,0,2,2,0,0,1,1,0,3,1,2,0,1,2,0,1,pre_miRNA
URS0000C0B148/Mycobacterium,0,0,0,0,0,2,2,1,0,0,3,1,0,0,0,0,1,1,2,0,0,6,0,1,2,9,4,2,0,0,2,2,1,2,0,1,4,3,9,0,0,2,5,0,0,2,2,1,1,0,0,0,1,2,1,0,0,3,1,0,0,0,0,0,pre_miRNA
URS0000C0EC20/Janthinobacterium,1,1,1,1,0,3,2,1,0,0,2,2,1,1,2,1,0,2,0,2,3,3,3,1,2,4,6,3,0,0,2,1,2,2,5,0,1,5,1,1,1,3,5,2,2,2,3,0,0,1,1,0,3,1,1,2,1,2,1,1,2,1,1,0,pre_miRNA
URS0000C0F09D/Pseudomonas,0,1,0,2,1,1,4,2,2,3,2,0,0,1,0,1,3,2,1,0,1,1,5,2,2,3,2,0,1,0,2,1,1,1,3,2,2,1,0,0,1,6,3,2,2,3,2,2,1,0,1,2,2,1,2,1,0,2,2,0,1,0,1,0,pre_miRNA
URS0000C10B45/Bifidobacterium,3,1,1,1,0,0,0,0,0,2,0,0,0,1,2,5,1,1,1,3,4,0,1,1,1,1,2,0,1,1,0,0,1,1,1,0,1,5,0,2,1,2,2,1,0,0,0,0,0,0,0,0,1,3,1,0,0,1,1,2,1,1,3,0,pre_miRNA
URS0000C1AA4D/Pseudomonas,2,2,2,1,0,2,2,5,1,3,0,0,0,0,0,0,2,1,4,0,0,2,5,2,2,1,0,3,1,0,2,1,1,0,2,0,2,0,0,1,4,3,2,0,1,4,2,3,1,0,0,0,1,0,2,2,0,5,1,1,1,2,2,2,pre_miRNA
URS0000C22E75/Bifidobacterium,2,1,1,2,0,1,2,0,2,2,1,0,0,2,0,2,3,1,0,2,1,0,2,0,0,2,0,0,1,0,2,2,1,1,2,0,0,3,0,3,0,2,0,1,0,0,1,2,1,0,0,0,4,0,0,0,0,0,3,2,1,1,1,2,pre_miRNA
URS0000C281DA/Nitrospirae,1,2,2,1,1,0,1,0,0,1,0,1,3,0,3,2,1,1,0,2,2,0,0,0,1,0,2,3,1,0,1,0,2,1,0,3,1,2,0,0,0,0,0,1,1,0,1,1,0,0,0,2,0,2,2,2,2,1,1,0,1,3,1,1,pre_miRNA
URS0000C28DE7/Bifidobacterium,0,4,2,0,2,1,3,0,0,1,1,0,0,0,0,1,1,5,0,0,1,4,1,1,4,6,4,4,0,0,3,0,0,1,2,0,5,3,6,3,2,3,3,4,0,2,4,0,0,0,1,0,0,3,1,0,1,0,3,2,0,2,3,0,pre_miRNA
URS0000C35532/Hymenobacter,4,1,2,1,1,2,2,3,3,2,2,2,0,2,0,0,2,0,4,0,0,0,7,0,4,2,3,0,0,4,1,4,3,4,1,1,1,4,5,0,2,3,2,1,0,2,1,2,2,0,0,1,0,4,1,3,1,2,2,1,2,1,0,3,pre_miRNA
URS0000C481A2/Pontibacillus,3,0,2,1,1,0,1,4,2,0,2,1,1,1,1,1,0,1,1,1,0,1,0,0,1,0,1,0,2,0,1,1,2,1,3,1,0,0,0,0,4,0,1,0,1,0,1,3,1,3,0,1,1,1,1,0,0,2,0,4,3,0,2,1,pre_miRNA
URS0000C49401/Pseudomonas,3,1,2,0,0,2,1,4,1,2,0,1,0,0,0,0,0,2,4,0,1,2,5,3,0,0,1,1,1,0,4,1,1,1,2,0,1,0,0,2,5,4,1,1,0,4,2,4,1,0,0,0,1,1,0,1,1,3,4,3,1,2,2,1,pre_miRNA
URS0000C5A4BE/Clostridium,1,0,2,3,1,0,2,1,0,5,0,0,3,0,2,2,1,1,0,1,1,0,1,4,1,1,0,0,2,0,2,2,1,2,0,1,1,0,0,0,0,5,0,3,1,0,1,2,5,0,4,1,2,0,3,0,0,1,0,1,3,1,1,2,pre_miRNA
URS0000C612E3/Nitrospira,0,1,0,0,4,3,1,0,2,1,0,0,0,1,0,0,0,4,3,2,0,2,1,1,2,4,4,3,1,1,2,1,0,1,1,0,3,7,2,1,1,1,2,0,0,1,1,1,0,0,1,1,1,1,2,2,0,1,0,1,0,2,2,1,pre_miRNA
URS0000C76CF7/Nocardia,0,0,2,1,2,1,2,1,3,2,2,2,0,0,1,0,1,1,0,1,4,1,1,0,3,0,1,1,0,2,6,1,1,2,0,2,3,2,1,0,0,3,2,2,2,2,1,0,0,4,2,2,0,2,2,0,0,0,1,2,0,0,0,1,pre_miRNA
URS0000C8A37D/Hymenobacter,0,1,0,1,0,0,2,3,3,2,1,1,0,4,1,0,0,1,5,1,0,2,5,0,5,1,1,4,0,3,2,4,3,0,0,2,4,1,6,1,3,4,1,1,1,4,0,4,0,2,2,1,0,3,3,3,0,4,4,0,0,1,1,1,pre_miRNA
URS0000CB17AE/Pseudobutyrivibrio,0,0,0,0,2,0,1,0,5,3,3,0,0,0,0,0,0,0,0,0,2,2,2,0,0,0,0,0,0,2,10,0,0,0,0,0,1,0,2,0,4,1,0,0,0,10,7,0,0,0,0,15,0,0,0,6,0,0,0,8,0,0,0,0,pre_miRNA
URS0000D4AADA/Ruminococcus,0,0,0,0,4,0,2,0,2,2,4,0,0,0,0,0,0,0,0,0,2,0,1,0,0,0,0,0,0,10,4,0,0,0,0,0,1,0,4,0,4,1,1,0,0,4,11,0,0,0,0,14,0,0,0,3,0,0,0,12,0,0,0,0,pre_miRNA
URS0000D54FCF/Herpesvirus,2,1,2,0,2,0,1,0,1,0,0,1,0,0,2,2,0,1,1,0,0,0,1,3,0,4,0,1,1,1,1,0,0,0,2,0,0,0,0,0,2,3,0,0,2,1,1,1,1,2,1,1,2,0,1,3,1,0,0,0,0,0,0,1,pre_miRNA
URS0000D558FD/Herpesvirus,1,2,2,1,3,0,1,2,0,1,0,0,0,0,1,2,1,2,0,1,0,0,1,0,0,1,0,3,0,1,2,0,1,0,2,0,1,0,0,0,0,1,1,1,2,0,1,1,1,1,0,1,3,0,0,1,0,2,1,0,3,0,0,1,pre_miRNA
URS0000D55E2F/Herpesvirus,1,1,3,0,1,1,0,1,0,1,1,1,0,0,0,2,0,0,1,0,1,0,0,1,0,0,0,1,0,0,1,3,0,1,0,0,0,0,0,2,1,3,0,1,0,1,0,3,5,0,2,0,0,0,0,1,2,0,0,1,3,1,4,2,pre_miRNA
URS0000D785C6/Micromonospora,0,1,0,1,1,2,3,1,0,0,2,1,0,1,1,1,0,4,0,0,0,3,3,0,2,1,6,3,2,1,0,0,0,1,2,3,1,2,3,3,3,0,2,2,0,4,2,0,0,2,0,1,0,1,2,0,5,0,1,0,0,3,1,0,pre_miRNA
URS0000D79142/Jiangella,2,0,0,0,2,4,0,1,1,1,2,1,0,0,0,0,0,2,1,1,0,1,3,0,3,1,6,1,0,2,2,1,0,0,4,0,0,4,3,2,2,2,0,1,0,5,2,3,1,0,0,3,1,1,1,1,2,0,2,1,0,1,0,0,pre_miRNA
URS0000D7A3F3/Sphingopyxis,0,0,1,0,0,2,3,2,1,1,1,0,1,0,0,1,1,0,3,1,2,0,0,1,2,3,2,1,0,2,0,4,1,1,0,2,0,2,3,0,4,0,0,1,0,3,4,2,0,1,0,2,1,2,2,1,0,2,3,2,0,2,1,0,pre_miRNA
URS0000D7AD65/Sphingomonas,0,0,0,0,1,3,3,1,0,1,1,0,0,0,1,1,1,1,0,0,0,6,4,0,1,5,7,2,1,3,1,2,0,3,1,3,2,4,4,2,2,0,3,1,0,3,1,0,0,1,1,0,1,2,2,0,2,2,1,2,0,0,1,2,pre_miRNA
URS0000D7CEA0/Acidobacteria,0,1,1,0,1,2,2,1,2,0,0,1,0,3,0,0,0,4,0,0,0,5,4,0,5,2,7,1,0,1,0,0,3,1,2,2,0,4,5,1,2,1,2,1,0,2,1,0,0,0,0,0,1,3,1,0,0,1,2,0,0,0,0,0,pre_miRNA
URS0000D7D9E8/Hymenobacter,1,1,0,2,2,0,4,0,2,0,0,2,1,2,3,1,1,2,2,1,1,2,1,3,3,1,1,1,0,4,0,2,1,3,3,1,2,0,2,0,2,2,1,1,1,2,0,0,0,1,0,1,0,2,3,3,0,3,1,1,2,0,0,2,pre_miRNA
URS0000D7E2C7/Pseudonocardia,0,0,0,0,1,1,2,0,0,0,0,0,0,1,0,0,0,0,2,0,0,1,3,2,0,4,7,2,2,3,1,0,0,2,2,0,0,2,5,1,2,6,2,3,0,1,3,1,0,0,0,0,1,4,2,1,0,1,2,1,0,0,0,1,pre_miRNA
URS0000D7E4C0/Sphingopyxis,1,1,0,2,1,2,3,0,0,1,2,0,0,0,0,0,1,2,1,1,0,6,4,1,0,6,2,2,1,2,1,2,2,0,1,0,1,5,5,2,2,3,7,0,1,1,0,0,0,0,1,0,2,0,1,0,0,2,1,1,0,2,1,0,pre_miRNA
URS0000D7FA9B/Jiangella,1,0,0,0,2,1,2,1,1,1,3,1,0,0,0,0,0,2,1,1,0,5,4,2,1,3,1,0,0,2,3,3,0,1,2,1,0,2,3,2,3,0,3,1,0,5,1,0,1,0,0,3,1,0,0,1,3,2,3,0,0,1,1,0,pre_miRNA
URS0000D80279/Massilia,0,2,1,1,2,2,1,0,0,2,2,2,1,1,1,1,3,2,1,3,2,6,5,1,2,3,1,1,2,2,2,0,1,0,2,2,0,5,4,2,2,5,7,0,1,0,1,1,1,1,0,0,0,2,3,0,1,2,2,1,1,0,0,0,pre_miRNA
URS0000D80425/Sphingomonas,0,0,0,1,0,1,1,4,1,3,0,1,0,1,1,0,2,0,2,1,4,4,2,0,2,6,7,0,1,4,2,2,1,0,2,3,2,3,6,1,4,1,5,2,0,3,1,1,0,1,1,2,0,4,5,1,0,3,0,0,0,4,0,0,pre_miRNA
URS0000D8052E/Betaproteobacteria,2,0,2,2,3,1,4,1,0,3,0,2,2,2,1,1,3,2,1,1,0,0,3,2,1,1,0,1,2,4,1,2,0,1,2,0,2,1,2,1,3,1,2,4,1,1,1,3,2,3,2,3,2,1,1,0,2,1,2,2,1,2,1,1,pre_miRNA
URS0000D83EA8/Sphingomonas,0,1,0,0,1,2,1,0,0,1,2,0,0,0,1,0,1,3,0,1,1,4,3,0,2,4,8,1,0,2,0,2,1,1,1,1,1,6,4,1,1,1,3,2,1,2,3,0,0,0,0,0,0,2,3,1,1,1,1,1,0,0,0,0,pre_miRNA
URS0000D85B57/Tessaracoccus,1,0,1,0,3,2,2,1,2,1,1,1,0,0,1,0,1,3,0,1,0,4,3,2,3,2,1,1,0,3,1,0,0,0,4,0,3,2,2,0,3,4,3,2,0,3,1,0,1,1,3,1,0,0,2,0,0,1,1,0,0,0,0,1,pre_miRNA
URS0000D86A8F/Sphingopyxis,1,2,0,0,0,3,2,1,3,2,1,0,0,1,2,1,2,0,4,0,1,3,6,5,3,3,4,1,0,5,1,2,1,0,2,4,0,5,4,1,4,5,6,1,1,2,2,1,1,0,2,0,1,3,3,1,1,3,1,1,0,2,0,1,pre_miRNA
URS0000D88C5D/Arthrobacter,0,0,2,0,0,1,0,0,1,2,2,1,0,1,1,2,2,1,0,0,0,3,2,1,1,1,2,2,0,0,2,4,1,0,0,2,4,1,3,2,1,4,0,0,0,0,0,1,1,2,0,1,0,1,1,1,0,1,0,2,1,2,4,0,pre_miRNA
URS0000D8AC48/Massilia,1,1,1,1,0,2,0,0,0,2,2,2,0,2,0,1,1,1,1,2,1,5,6,1,2,2,1,2,0,3,1,2,0,0,1,2,0,5,4,1,2,2,7,0,2,0,2,2,0,1,0,0,2,2,2,0,0,3,2,2,1,0,1,0,pre_miRNA
URS0000D90A97/Actinomycetales,0,0,1,2,0,0,2,2,2,0,1,0,0,0,1,0,0,4,0,0,3,4,1,0,3,2,4,4,0,3,1,0,1,0,1,0,1,5,7,0,3,4,4,2,0,2,2,0,0,2,1,0,0,1,3,0,0,1,0,2,0,1,3,0,pre_miRNA
URS0000D91301/Desulfotomaculum,3,0,0,1,0,1,1,2,1,0,1,3,0,5,2,7,3,1,3,1,2,1,0,0,0,0,1,2,0,1,3,0,1,2,0,3,2,1,1,1,1,0,1,0,0,1,1,2,6,1,0,0,3,3,0,1,4,1,3,0,0,1,1,3,pre_miRNA
URS0000D91B42/Streptomyces,0,2,0,0,0,0,0,0,3,1,1,1,0,1,1,0,0,2,1,0,0,5,6,0,2,1,4,1,0,3,1,0,1,1,0,2,1,4,7,0,0,3,3,2,0,1,0,1,0,0,0,0,0,2,1,1,1,0,1,2,0,1,1,0,pre_miRNA
URS0000D92845/Arthrobacter,0,0,1,1,1,3,0,2,0,1,0,0,1,0,0,3,0,2,1,0,1,1,3,0,1,7,5,0,1,1,1,1,4,0,1,1,0,1,5,2,3,0,5,3,0,2,1,1,0,0,1,0,0,3,4,0,0,3,1,0,0,3,0,0,pre_miRNA
URS0000D949AA/Mycobacterium,4,0,1,0,0,0,2,1,0,0,0,1,0,8,0,0,1,5,5,0,2,4,2,0,4,2,2,0,1,1,0,0,0,1,1,0,0,3,7,4,2,2,4,3,0,0,0,0,0,0,0,0,1,0,2,0,3,2,2,0,0,0,0,0,pre_miRNA
URS0000D94D89/Actinophytocola,0,0,0,0,1,1,0,1,0,0,3,1,0,0,0,1,0,0,1,0,0,4,2,1,3,3,2,4,0,2,2,1,0,1,1,0,1,3,9,1,2,3,2,2,0,4,2,0,0,4,1,0,0,0,2,0,1,1,4,0,0,0,0,0,pre_miRNA
URS0000D95B23/Acinetobacter,5,3,1,6,3,1,1,1,0,2,1,3,3,2,5,8,4,2,0,2,2,2,2,2,2,1,1,2,1,3,1,2,3,0,1,0,1,0,0,3,3,0,1,0,1,2,2,6,4,5,3,5,7,0,1,3,1,1,1,4,3,5,2,2,pre_miRNA
URS0000D962D8/Massilia,0,1,1,1,1,0,2,0,0,3,2,2,0,1,0,1,2,4,1,2,2,6,5,2,1,2,1,0,1,3,1,1,0,0,1,2,0,4,4,3,4,2,6,0,2,0,1,0,0,0,0,0,0,2,2,0,0,4,2,1,2,0,1,0,pre_miRNA
URS0000D98978/Hymenobacter,1,0,1,0,1,2,3,1,3,0,2,1,0,0,1,0,1,2,1,0,2,3,0,2,2,1,1,4,0,2,3,2,0,3,2,1,2,2,0,0,1,3,2,0,1,3,2,0,0,1,2,1,1,1,2,4,0,1,0,2,1,1,1,0,pre_miRNA
URS0000D9A81E/Spirosoma,1,0,0,0,1,1,2,0,3,1,0,1,5,3,2,3,1,2,3,1,1,4,2,5,0,1,2,0,2,1,2,2,0,0,4,3,2,0,1,2,4,4,1,2,1,2,1,2,0,2,4,2,0,0,1,7,0,5,2,2,2,2,1,8,pre_miRNA
URS0000D9D09D/Rhodococcus,0,0,0,0,0,0,1,0,0,1,1,0,0,0,0,1,0,1,2,0,0,2,3,0,1,5,0,1,0,1,0,0,0,0,0,0,0,3,4,2,2,0,3,1,0,2,0,0,0,0,0,0,0,0,2,0,0,1,1,0,0,1,0,0,pre_miRNA
URS0000D9EF0E/Verrucomicrobia,1,0,1,1,1,2,1,0,1,2,1,0,1,1,2,0,2,1,1,1,1,3,2,0,2,4,9,3,0,0,1,1,2,1,0,1,2,8,5,2,1,2,2,0,1,2,2,3,0,1,1,1,0,1,3,0,0,3,2,2,0,0,1,0,pre_miRNA
URS0000D9F2CD/Brevibacterium,0,1,1,0,1,1,1,0,0,2,1,0,0,0,0,0,0,1,1,0,1,3,2,2,2,3,2,5,0,2,1,1,0,1,0,0,2,3,5,2,1,1,2,1,0,1,3,0,0,2,0,0,0,1,1,0,0,1,1,1,0,2,2,0,pre_miRNA
URS0000DA1361/Acidobacteria,0,2,0,0,2,2,4,0,3,3,1,1,0,1,0,0,2,2,2,1,0,5,2,3,3,0,1,3,2,2,1,1,0,2,2,0,1,2,1,1,0,1,6,3,0,2,3,3,2,1,1,1,2,1,2,3,1,0,0,1,0,4,2,0,pre_miRNA
URS0000DA2D0D/Deltaproteobacteria,1,2,1,0,3,0,0,0,2,1,1,1,0,1,0,1,2,2,1,0,0,4,3,1,3,5,1,2,0,4,1,0,1,1,1,1,3,2,6,2,0,2,1,0,0,0,2,1,0,1,1,0,0,1,2,2,0,3,1,0,0,0,2,2,pre_miRNA
URS0000DA4895/Actinomadura,1,2,0,0,0,1,5,0,0,1,2,0,0,0,0,0,0,1,0,2,1,3,3,0,2,2,1,3,0,2,0,1,1,0,1,1,1,2,3,1,2,1,3,1,0,2,3,1,1,1,0,0,0,2,0,0,1,1,2,0,0,1,0,0,pre_miRNA
URS0000DA519A/Streptomyces,0,0,0,0,0,1,0,0,1,3,0,0,0,0,0,0,0,1,1,0,1,2,2,0,2,3,1,2,0,3,2,0,0,0,0,2,0,2,8,1,0,2,4,2,0,1,1,0,0,0,0,0,0,1,2,0,0,1,1,1,0,0,0,0,pre_miRNA
URS0000DA719C/Devosia,0,0,3,0,0,6,0,0,0,2,4,1,0,0,1,0,2,2,4,1,3,10,3,5,2,2,2,1,0,2,0,4,0,0,4,0,2,4,4,1,5,6,6,1,0,1,4,0,0,2,0,0,1,3,0,0,3,1,2,0,0,1,1,0,pre_miRNA
URS0000DA7266/Pseudomonas,0,2,1,1,3,3,6,0,2,2,3,0,0,2,0,2,1,2,2,2,1,2,6,2,1,2,3,2,1,1,4,2,3,2,3,1,1,1,0,3,4,4,4,3,2,3,2,2,1,1,2,1,1,2,1,2,2,4,1,1,2,1,0,0,pre_miRNA
URS0000DA7307/Microbacterium,0,1,0,0,0,4,0,2,0,0,3,0,0,0,0,0,2,1,0,0,1,1,4,4,3,2,5,2,0,4,3,1,0,2,1,0,0,7,5,1,3,2,1,2,0,6,0,0,0,1,2,1,0,1,2,1,2,1,3,0,0,0,0,0,pre_miRNA
URS0000DA8C51/Methylibium,1,0,1,0,0,4,0,2,2,1,1,0,0,0,0,0,0,1,0,0,2,2,3,0,2,4,8,2,0,5,1,1,0,2,1,2,1,5,5,1,2,2,6,1,0,1,2,0,0,1,1,1,0,2,3,0,0,0,1,0,0,0,0,0,pre_miRNA
URS0000DAAB30/Massilia,1,1,3,2,2,3,2,2,0,2,2,1,1,1,0,0,3,2,2,2,2,6,4,2,1,1,2,1,2,3,0,1,0,1,1,2,0,5,2,1,3,3,4,0,3,0,1,1,0,2,0,0,2,0,2,1,1,5,1,0,1,1,1,0,pre_miRNA
URS0000DAB279/Hymenobacter,0,0,0,1,1,2,2,2,4,2,2,1,0,1,0,0,1,0,3,0,1,1,3,3,2,2,2,2,1,4,3,3,1,2,2,2,3,1,3,0,1,3,2,1,2,5,1,0,0,1,4,1,0,3,2,3,0,2,1,2,0,1,0,3,pre_miRNA
URS0000DAD334/Pseudonocardia,0,0,0,0,1,0,1,1,1,1,1,1,0,1,0,0,0,2,1,0,1,2,7,1,2,1,2,3,0,6,1,0,0,3,1,0,1,3,8,1,0,3,3,1,0,3,2,0,0,1,0,0,0,0,0,2,2,2,2,4,0,1,0,0,pre_miRNA
URS0000DADC5D/Thioalkalivibrio,0,0,2,0,0,3,2,0,1,1,2,0,1,0,0,0,0,1,2,2,3,1,1,3,3,4,7,1,2,3,0,0,0,0,3,0,2,7,3,3,0,4,3,0,0,3,2,0,0,0,1,1,0,2,1,1,0,3,2,0,0,0,1,0,pre_miRNA
URS0000DB1A18/Planctomycetaceae,2,0,3,0,1,3,0,1,2,0,6,0,1,2,0,0,2,0,2,1,0,2,1,2,5,1,1,1,0,0,2,2,2,3,1,2,1,3,1,0,1,0,1,1,0,3,0,1,2,0,1,1,2,1,2,1,1,0,1,0,0,2,0,1,pre_miRNA
URS0000DB1AFC/Hymenobacter,0,0,0,2,0,4,2,0,0,0,1,0,0,2,0,1,0,2,1,1,0,2,3,1,6,0,5,0,0,1,0,0,4,2,0,0,0,6,2,0,0,0,5,4,0,4,0,1,0,0,0,0,0,1,3,0,2,0,3,0,0,1,0,0,pre_miRNA
URS0000DB4C1A/Massilia,0,1,2,1,0,2,2,0,0,1,3,3,0,2,1,1,1,2,1,2,3,6,5,1,2,2,1,1,1,3,0,1,2,0,2,2,1,5,2,1,2,3,9,0,3,0,2,0,1,1,0,0,1,1,2,0,0,3,2,3,1,0,1,0,pre_miRNA
URS0000DB5059/Arthrobacter,1,0,1,0,1,1,2,0,2,1,4,0,2,1,0,0,1,1,4,0,1,1,1,1,0,2,3,3,1,2,2,1,2,1,1,1,3,3,2,2,1,6,0,0,1,0,2,0,0,1,1,1,0,2,2,1,0,1,1,1,0,0,0,1,pre_miRNA
URS0000DB5623/Microbacterium,2,0,2,0,1,0,3,0,4,2,0,0,0,1,1,0,2,0,1,2,0,1,6,2,2,4,1,0,0,4,0,0,0,2,2,2,1,2,2,2,5,4,4,0,0,2,2,0,0,0,2,0,0,0,2,2,0,1,1,2,0,1,1,1,pre_miRNA
URS0000DB61A1/Massilia,0,1,0,0,0,1,2,1,2,2,1,2,0,1,3,1,1,2,1,2,1,4,4,2,2,2,1,2,0,3,2,2,2,1,3,2,1,5,2,1,4,2,7,1,0,1,3,1,0,0,1,1,3,2,2,0,1,4,3,0,0,1,0,0,pre_miRNA
URS0000DB649E/Streptomyces,0,2,1,0,1,2,2,0,0,0,2,2,0,0,0,1,1,1,0,0,1,4,2,0,4,7,5,0,0,0,0,1,4,3,0,0,2,2,5,0,0,0,6,1,0,1,2,1,0,0,1,0,0,1,1,2,0,1,0,0,0,1,1,0,pre_miRNA
URS0000DC1BE2/Acidovorax,0,0,0,0,0,0,0,1,0,1,11,0,0,0,0,0,0,0,0,1,0,1,2,0,0,0,0,1,0,1,14,0,0,0,0,0,12,1,1,0,1,0,1,0,0,14,0,0,0,0,0,12,0,0,0,2,0,2,0,12,0,0,0,1,pre_miRNA
URS0000DF4502/Bacillus,0,0,0,0,5,0,2,0,6,3,2,1,0,0,0,0,0,0,0,4,2,0,0,0,1,0,0,1,0,0,10,0,0,0,0,0,0,4,0,0,5,0,2,0,0,6,11,0,0,3,0,13,0,0,1,3,0,0,0,6,0,1,0,0,pre_miRNA
nameseq,A_AA,A_AC,A_AG,A_AT,A_CA,A_CC,A_CG,A_CT,A_GA,A_GC,A_GG,A_GT,A_TA,A_TC,A_TG,A_TT,C_AA,C_AC,C_AG,C_AT,C_CA,C_CC,C_CG,C_CT,C_GA,C_GC,C_GG,C_GT,C_TA,C_TC,C_TG,C_TT,G_AA,G_AC,G_AG,G_AT,G_CA,G_CC,G_CG,G_CT,G_GA,G_GC,G_GG,G_GT,G_TA,G_TC,G_TG,G_TT,T_AA,T_AC,T_AG,T_AT,T_CA,T_CC,T_CG,T_CT,T_GA,T_GC,T_GG,T_GT,T_TA,T_TC,T_TG,T_TT,label
URS00021A1CF1/Rhizobium,2,0,0,1,0,0,0,1,0,1,3,1,0,1,0,0,0,1,0,0,1,9,3,3,0,3,5,1,0,3,2,3,0,1,4,0,2,2,4,0,5,2,3,0,0,0,1,0,0,0,0,1,0,8,0,2,0,0,0,0,0,3,0,0,miRNA
URS0000BFE8E2/Cellulomonas,0,0,0,0,0,0,1,0,2,0,1,0,0,1,0,0,0,1,1,0,0,2,5,0,2,2,2,2,0,3,0,0,0,1,0,1,0,5,3,0,0,2,4,0,0,0,0,1,0,0,0,0,0,1,1,1,0,0,1,1,0,0,0,0,miRNA
URS00021A4D13/Rhizobium,1,0,1,0,0,0,2,0,0,0,2,2,0,0,0,0,0,1,0,0,0,7,3,3,2,3,3,1,0,4,0,2,0,0,4,0,1,2,1,3,5,3,6,0,0,0,4,1,0,1,0,0,0,5,1,1,0,1,3,0,0,2,0,0,miRNA
URS000042D190/Thiovulum,5,1,2,3,3,2,1,1,3,0,0,1,1,0,0,5,0,1,1,1,2,2,1,0,2,1,1,0,1,1,0,2,4,0,1,3,0,0,0,1,1,0,0,0,1,1,0,1,2,1,1,1,1,0,2,1,1,2,0,1,0,4,3,7,miRNA
URS0000D17674/Pseudomonas,0,1,2,0,1,2,2,3,2,2,3,1,0,0,1,1,4,1,0,2,1,1,0,1,1,5,1,0,1,1,2,2,1,1,4,1,1,0,2,3,1,2,1,1,0,3,3,1,1,0,0,2,2,1,2,0,2,2,2,1,1,0,2,6,miRNA
URS00015DACAF/Calothrix,1,1,0,1,3,0,1,0,1,1,1,1,3,0,1,0,0,1,3,1,0,1,2,1,1,1,1,0,1,0,2,1,1,1,1,3,0,0,2,1,0,5,1,2,1,1,0,1,1,0,0,0,1,0,2,1,1,3,2,0,0,0,1,1,miRNA
URS0002198906/Sphingobium,1,1,0,0,0,4,1,0,1,2,3,0,0,1,0,0,1,0,3,0,2,3,0,1,1,2,2,1,0,2,1,3,1,0,2,1,2,1,1,3,3,0,3,3,0,1,3,1,0,2,1,1,0,0,4,0,1,2,2,0,0,1,1,1,miRNA
URS0000CD4849/Chitinophaga,5,0,0,4,4,1,1,1,3,0,0,0,2,4,0,3,1,0,0,0,1,1,1,1,2,1,1,0,2,1,1,2,0,0,1,2,0,0,0,0,1,1,1,1,2,1,1,3,2,1,2,11,0,0,2,2,1,1,0,0,3,3,2,7,miRNA
URS0000150FA2/Capnocytophaga,6,2,1,3,5,2,0,0,2,0,0,0,2,2,2,2,5,1,1,1,0,0,0,1,1,0,0,3,0,1,2,1,2,1,0,1,1,0,0,2,0,2,0,0,0,1,0,5,1,1,2,1,3,1,1,1,1,2,1,3,1,1,4,9,miRNA
URS00021CC6AA/Sphingomonas,0,0,2,0,1,4,0,0,3,1,2,0,1,1,0,0,1,4,0,0,1,10,0,4,3,0,1,0,0,5,0,1,1,0,4,0,0,0,2,2,0,1,11,2,0,1,1,1,1,0,1,0,1,1,0,3,1,0,2,0,0,0,2,1,miRNA
URS0000E585FE/Stenotrophomonas,3,1,1,1,0,1,1,0,1,1,4,1,1,2,1,1,0,1,0,0,1,3,0,2,2,2,0,2,2,3,2,3,2,3,1,1,1,1,3,1,2,0,5,1,0,0,0,2,4,0,1,1,0,2,3,3,0,1,0,1,1,1,1,3,miRNA
URS0000D98971/alpha,0,1,2,1,1,2,1,0,1,2,1,0,0,0,1,0,2,0,0,0,0,3,5,3,0,3,4,2,0,2,3,2,3,1,1,1,0,3,2,2,4,2,6,0,1,0,1,1,0,1,0,0,1,4,1,0,1,2,0,1,0,2,1,0,miRNA
URS0000EE73AD/Larkinella,2,0,1,1,3,2,2,0,7,0,2,0,0,3,2,2,1,0,0,3,1,0,0,0,0,0,0,0,1,4,0,4,1,1,0,3,0,1,0,1,0,1,0,1,1,1,4,1,4,0,1,9,3,0,1,1,1,1,0,2,2,0,2,1,miRNA
URS0000AFF374/Curtobacterium,0,0,0,0,0,2,1,0,0,1,2,0,0,0,0,0,0,0,1,0,0,2,4,0,2,3,6,7,0,4,1,0,0,3,1,0,3,6,6,1,2,2,3,0,0,2,1,0,0,1,1,0,0,2,3,0,0,1,1,0,0,0,0,0,miRNA
URS00009D4E29/Endozoicomonas,7,1,2,5,9,1,0,4,5,3,1,1,1,1,3,5,4,3,0,4,5,3,2,3,0,4,0,1,2,4,3,5,2,2,3,1,0,2,1,2,1,2,1,1,2,5,3,3,5,1,5,5,2,2,4,4,3,4,0,2,2,6,1,10,miRNA
URS0000C01462/Microbacterium,0,1,1,0,1,1,1,0,0,2,2,0,1,0,0,1,2,0,3,0,0,1,4,3,2,6,2,3,0,2,0,0,0,1,0,1,1,3,9,2,3,2,5,0,1,2,5,1,1,1,0,0,0,2,1,0,0,3,3,3,0,1,0,2,miRNA
URS00000A9208/Pseudomonas,0,0,2,0,1,1,4,0,0,3,1,1,0,1,1,1,1,1,2,0,2,1,4,2,2,1,1,2,1,1,1,0,2,1,2,2,0,0,1,2,3,3,2,0,0,4,2,1,1,1,0,1,0,2,0,2,3,2,1,1,0,0,2,1,miRNA
URS000029891A/Brevibacillus,0,2,1,2,1,0,2,0,6,0,1,0,0,2,3,1,1,0,2,0,2,3,1,1,1,4,3,1,0,1,1,2,3,1,4,2,2,0,3,2,2,2,1,0,1,2,3,1,2,0,0,2,2,1,2,1,0,3,2,3,0,2,0,0,miRNA
URS0000CF236C/Massilia,3,0,0,4,0,4,0,1,1,1,2,2,2,1,1,5,1,1,2,1,1,2,1,1,2,0,3,0,0,0,2,2,6,0,0,0,2,2,0,0,1,0,2,2,1,1,0,4,2,2,4,1,1,2,0,1,3,0,1,0,1,2,2,4,miRNA
URS0002248398/Reyranella,0,0,2,1,2,0,3,1,5,2,0,0,0,0,0,0,1,0,1,0,1,5,4,4,1,3,5,0,1,4,3,0,1,1,4,1,0,6,2,1,2,7,7,0,0,2,0,0,0,1,1,2,1,1,1,2,0,1,0,0,0,1,0,1,miRNA
URS0000E1AB64/Enterobacter,0,0,0,0,3,1,0,0,5,1,8,0,0,0,1,0,0,1,1,1,1,0,0,0,0,0,0,1,0,0,10,0,0,0,0,1,5,1,2,0,2,0,2,0,0,9,8,0,1,0,0,14,0,1,0,0,1,0,0,11,0,0,0,0,miRNA
URS0000C49FE7/Sinomonas,1,0,1,1,2,0,0,0,1,2,1,0,0,0,0,0,0,0,1,0,0,1,1,1,2,2,4,0,0,2,0,1,0,1,3,0,0,4,1,1,2,0,1,0,0,1,2,0,0,0,0,0,0,1,0,3,0,0,0,1,0,1,1,0,miRNA
URS00008356F5/Tannerella,4,1,1,3,0,1,2,0,1,0,0,0,1,2,4,5,2,2,0,1,0,0,0,1,2,0,0,1,0,0,1,2,1,0,1,3,2,0,1,1,1,0,1,1,5,0,1,1,2,0,0,5,1,1,2,0,3,1,1,6,1,4,2,7,miRNA
URS00021CBE47/Sphingopyxis,0,0,1,0,0,0,1,1,0,3,2,0,0,2,0,1,3,2,1,1,1,7,4,0,2,4,2,1,0,2,1,2,1,0,1,0,2,5,7,1,2,2,7,0,0,1,1,0,1,0,0,1,0,0,2,1,0,4,1,1,0,0,0,1,miRNA
URS0000C0288F/Rhizobium,1,0,1,0,0,3,1,1,0,2,3,0,0,0,0,0,1,1,1,1,1,7,5,3,0,4,3,1,0,2,1,2,1,1,3,0,2,1,2,0,6,1,5,1,0,2,1,1,0,1,1,0,0,4,1,1,1,1,0,0,0,2,0,0,miRNA
URS0001D72086/Novosphingobium,0,0,3,0,1,3,0,0,3,0,2,0,0,0,0,0,2,2,0,0,1,11,0,5,0,1,2,0,0,4,0,1,0,0,2,0,0,0,1,2,0,1,11,2,0,3,1,0,1,0,1,0,0,1,1,2,1,0,1,0,2,1,0,1,miRNA
URS00021BEF76/Sphingomonas,0,1,0,0,0,2,4,2,0,3,3,0,1,0,2,1,2,0,2,0,3,5,3,2,0,5,8,3,1,4,0,2,4,3,4,1,0,5,3,1,6,1,5,2,0,2,1,2,0,2,0,0,1,3,3,2,1,1,1,2,0,1,3,1,miRNA
URS00021AB608/Sphingopyxis,0,0,0,0,0,0,3,0,1,1,2,1,0,1,0,0,1,2,2,0,1,6,4,2,1,6,3,1,1,2,0,1,1,0,2,0,1,5,7,2,2,3,8,1,0,0,3,1,0,1,0,0,0,1,1,0,0,5,0,0,0,0,0,0,miRNA
URS0002198786/Sphingopyxis,0,1,0,0,0,0,1,1,0,3,3,1,1,0,0,2,1,1,1,0,1,5,4,2,0,6,4,0,0,1,3,0,3,0,2,0,1,4,6,2,2,6,7,0,0,0,2,0,1,1,0,0,0,0,3,0,1,2,1,0,0,0,0,0,miRNA
URS0000BEEA4E/Streptomyces,0,2,0,1,0,2,1,0,1,1,2,0,0,1,1,0,1,2,1,0,1,3,3,1,1,2,3,2,2,1,0,1,0,1,2,1,2,4,2,1,1,2,3,1,0,1,1,0,0,0,0,0,1,2,2,0,1,1,1,0,0,0,0,0,miRNA
URS00001AA81F/Capnocytophaga,4,4,5,2,4,5,3,1,2,1,1,3,1,3,1,2,5,1,1,5,2,0,0,1,0,2,1,2,4,1,1,1,4,3,0,0,3,0,1,0,1,0,1,0,2,1,2,2,3,0,0,4,1,4,1,1,2,1,0,3,3,1,1,2,miRNA
URS000219822E/Rufibacter,0,0,0,0,0,1,1,1,1,2,2,0,0,0,0,0,0,0,1,1,2,3,1,0,2,6,1,0,0,1,1,0,1,1,2,1,1,2,4,1,2,0,6,1,0,1,3,0,0,0,2,0,0,1,1,0,0,1,2,1,1,0,0,0,miRNA
URS00021B3C01/Rhizobium,1,2,0,4,3,0,3,3,1,2,3,1,0,0,0,1,1,2,2,3,2,10,4,2,4,5,4,2,1,2,4,1,0,1,4,1,2,5,6,3,5,3,12,1,0,4,4,1,2,0,1,0,1,4,1,0,1,4,3,1,0,4,2,3,miRNA
URS00021E9BD3/Sphingomonas,0,0,1,1,0,3,1,1,1,3,2,1,0,0,1,2,1,2,2,0,2,4,3,1,2,4,11,1,1,1,0,2,2,4,1,0,2,4,5,2,1,0,6,2,2,4,0,0,1,1,1,0,1,5,3,0,1,1,0,0,0,1,0,1,miRNA
URS0001D5071E/Novosphingobium,0,0,2,1,2,2,0,1,3,0,2,0,0,1,1,0,1,2,0,0,1,12,0,4,2,0,2,1,1,6,0,2,0,0,3,0,0,1,1,2,0,3,11,1,0,0,1,1,2,1,2,0,2,3,0,2,0,0,0,0,0,1,1,1,miRNA
URS0000D78847/Sphingomonas,1,1,0,0,1,2,3,1,0,1,1,0,1,0,1,0,1,2,0,0,0,4,2,0,2,1,9,2,0,3,1,1,1,1,2,1,1,5,1,3,2,3,4,2,0,0,4,0,1,2,0,0,1,1,2,0,1,1,1,1,0,0,0,0,miRNA
URS0000D4F3F3/Flagellimonas,0,0,2,0,1,1,0,0,0,0,0,0,0,0,0,0,0,0,0,0,0,0,0,0,0,0,0,0,0,0,1,1,0,1,0,0,0,0,0,1,1,2,0,0,0,0,0,0,0,0,2,0,0,0,0,0,2,0,0,0,1,0,0,1,miRNA
URS00021BE5B2/Novosphingobium,0,0,2,0,0,3,1,0,3,1,2,0,0,0,1,0,0,1,0,0,0,9,1,4,3,1,1,0,0,6,0,0,1,0,4,2,1,3,0,0,1,0,12,2,0,0,1,3,1,0,1,0,1,0,0,2,0,1,4,0,0,0,2,1,miRNA
URS0000BFE0FF/Sphingomonas,0,2,0,0,0,1,0,1,1,1,4,0,1,0,0,0,1,1,1,0,1,4,5,1,0,6,5,3,1,0,3,0,2,1,2,1,0,5,3,3,3,2,7,2,1,3,2,1,0,0,1,0,1,3,3,0,0,1,1,2,0,0,2,0,miRNA
URS0000D06934/Chitinophaga,3,1,1,4,4,0,1,1,4,0,0,1,6,4,2,1,2,0,1,2,0,0,1,2,1,1,0,0,1,2,0,1,0,0,1,1,0,0,0,0,2,0,0,1,1,0,2,5,8,1,3,6,1,2,1,1,0,3,0,0,2,0,0,4,miRNA
URS0000AED495/Curtobacterium,0,0,0,0,1,1,2,2,1,2,1,0,0,0,0,0,0,3,2,0,2,1,4,0,2,1,5,1,0,0,4,1,2,2,0,0,1,5,0,1,0,2,1,2,0,3,1,0,0,0,0,1,0,2,2,0,1,1,0,2,0,0,0,1,miRNA
URS0000DD9BD1/Arenicella,0,0,0,0,9,0,6,0,4,1,1,0,0,0,0,0,0,0,0,0,0,0,1,0,0,0,0,0,0,14,9,0,0,0,0,0,6,0,0,0,3,0,0,0,0,9,0,0,0,0,0,22,0,0,0,1,0,0,0,9,0,0,0,0,miRNA
URS0000BFF04E/Frigoribacterium,0,1,1,0,1,0,0,0,1,1,1,3,0,0,0,0,1,2,0,0,0,2,4,2,0,5,3,0,0,4,1,0,0,1,1,0,1,3,5,1,4,2,1,1,0,1,2,0,0,0,0,1,0,2,3,1,0,1,1,0,0,0,1,2,miRNA
URS0000C02E06/Sphingomonas,1,2,0,0,0,3,3,0,0,2,2,0,1,0,0,0,1,0,0,0,3,4,2,3,0,6,8,5,0,2,1,1,1,1,3,1,1,5,6,1,2,4,4,1,0,3,1,3,1,1,1,0,1,0,4,0,0,1,1,1,1,1,2,0,miRNA
URS00021C38D5/Hymenobacter,1,1,0,1,0,3,2,1,2,1,0,0,0,3,1,0,1,0,2,0,2,0,1,1,3,2,1,1,0,1,2,2,2,1,2,2,2,0,1,1,2,0,2,2,2,1,1,1,1,1,0,2,0,2,3,1,0,2,2,2,0,2,1,0,miRNA
URS0000DDA360/Pseudomonas,3,0,2,2,2,2,1,4,3,2,2,1,0,0,0,0,2,1,2,1,1,1,0,2,1,5,0,1,1,1,2,2,1,0,5,0,1,0,1,2,2,1,0,0,0,6,3,2,3,0,0,2,1,2,2,1,1,1,2,1,2,1,1,2,miRNA
URS0000E1BD7C/Inmirania,0,0,0,1,1,2,2,1,1,2,2,1,1,0,1,0,0,0,3,1,3,0,4,0,4,4,2,0,0,0,5,1,0,3,1,4,1,4,3,0,0,7,5,2,1,1,3,2,0,0,0,1,0,2,3,2,1,3,3,0,0,1,0,0,miRNA
URS000013F801/Capnocytophaga,6,1,2,2,1,1,0,2,2,3,1,3,3,1,1,2,1,2,1,0,1,0,0,1,1,1,2,0,1,2,1,1,1,0,3,0,2,0,1,4,2,0,0,1,1,1,2,2,2,2,3,3,1,1,2,0,3,1,0,0,1,1,1,3,miRNA
URS00021BAA8D/Sphingopyxis,0,0,2,0,0,1,2,0,1,2,4,1,0,0,1,0,3,2,1,0,1,6,4,1,1,7,3,0,0,2,0,1,1,0,4,0,1,4,9,1,6,4,9,0,0,1,1,2,0,0,0,1,0,0,2,0,1,3,0,1,0,0,1,0,miRNA
URS0000D553A1/Flagellimonas,0,0,0,0,0,0,0,0,0,1,1,0,0,0,0,0,0,0,1,0,1,0,0,1,0,0,0,1,0,0,0,1,0,0,0,0,0,0,0,1,0,1,0,0,0,1,0,1,2,0,0,0,0,0,0,1,0,0,0,0,1,1,2,0,miRNA
URS00021A7552/Rufibacter,4,1,2,0,2,1,2,2,1,0,0,1,0,0,0,1,2,1,1,0,0,1,1,2,0,6,2,1,0,0,2,3,1,0,2,0,1,2,0,1,0,2,3,0,3,1,2,0,1,2,0,0,2,2,1,2,0,1,0,1,0,2,1,5,miRNA
URS00021D10CD/Sphingomonas,0,0,0,0,1,2,2,0,1,2,1,1,0,1,2,0,2,0,2,2,1,0,1,3,1,2,3,0,0,3,3,1,2,0,2,1,0,3,2,1,3,3,0,2,0,2,1,2,0,1,0,1,1,0,5,2,1,5,0,0,0,0,1,1,miRNA
nameseq,A_AA,A_AC,A_AG,A_AT,A_CA,A_CC,A_CG,A_CT,A_GA,A_GC,A_GG,A_GT,A_TA,A_TC,A_TG,A_TT,C_AA,C_AC,C_AG,C_AT,C_CA,C_CC,C_CG,C_CT,C_GA,C_GC,C_GG,C_GT,C_TA,C_TC,C_TG,C_TT,G_AA,G_AC,G_AG,G_AT,G_CA,G_CC,G_CG,G_CT,G_GA,G_GC,G_GG,G_GT,G_TA,G_TC,G_TG,G_TT,T_AA,T_AC,T_AG,T_AT,T_CA,T_CC,T_CG,T_CT,T_GA,T_GC,T_GG,T_GT,T_TA,T_TC,T_TG,T_TT,label
URS0000BF2FA7/Sphingopyxis,0,0,0,0,0,0,3,0,0,2,1,0,0,0,0,1,0,2,1,1,2,9,4,0,0,4,4,2,1,4,0,1,1,0,1,0,1,5,6,3,1,4,7,1,0,0,2,1,0,0,0,0,0,0,2,0,1,5,2,0,0,0,1,0,pre_miRNA
URS0000BE6752/Sphingomonas,0,0,0,1,0,0,1,0,1,3,0,0,1,0,0,2,0,1,2,1,1,5,5,3,0,6,9,0,1,1,1,0,1,0,1,0,0,7,9,1,3,7,6,1,1,1,2,0,0,1,0,1,0,0,3,0,0,2,1,1,0,0,1,2,pre_miRNA
URS0000BF8D17/Sphingopyxis,1,0,0,1,1,2,3,0,1,1,1,0,0,0,0,2,1,3,3,1,1,7,3,1,0,5,2,1,0,2,1,3,1,1,0,0,1,4,5,2,3,3,6,1,2,0,0,0,0,0,0,0,1,1,2,0,0,3,1,0,0,2,0,0,pre_miRNA
URS0000BE22F3/Mesorhizobium,2,0,1,1,0,1,1,2,1,0,2,1,0,0,0,0,1,2,1,0,0,8,3,1,1,3,6,0,0,3,0,1,0,0,4,0,2,3,5,0,5,3,5,0,0,1,1,0,0,0,0,0,0,2,0,2,0,2,1,0,0,2,0,1,pre_miRNA
URS00006F0512/Spirosoma,0,5,1,2,0,1,4,1,1,3,2,0,3,0,1,0,1,7,0,2,4,1,2,1,2,0,4,6,2,4,1,0,1,4,1,1,1,4,8,0,1,1,1,2,1,3,2,1,1,0,0,0,2,3,3,2,4,1,2,2,2,0,1,1,pre_miRNA
URS0000BE1C2F/Skermanella,0,0,0,0,0,1,3,1,0,1,2,0,0,2,0,0,0,1,1,1,2,3,4,1,1,7,4,2,1,1,1,2,0,1,1,1,1,1,7,2,2,5,1,2,0,3,1,1,0,1,2,0,0,2,2,1,1,0,0,2,2,1,1,0,pre_miRNA
URS00020D1C70/Rhizobacter,2,0,0,0,0,3,3,0,2,2,5,0,1,1,0,0,2,3,3,2,5,13,6,0,1,7,4,2,0,2,0,1,0,1,5,0,4,4,6,3,4,10,7,1,0,0,4,0,0,1,2,0,0,2,1,0,0,1,2,0,0,0,0,0,pre_miRNA
URS0000BEA28D/Sphingomonas,0,0,1,0,1,1,2,0,2,4,1,0,1,0,2,0,1,2,2,1,0,5,2,2,4,6,6,1,0,3,0,2,1,1,3,2,1,6,9,2,1,2,6,1,2,0,0,0,0,1,0,0,1,2,2,0,0,3,1,0,0,0,1,0,pre_miRNA
URS0000BF7AE6/Sphingomonas,0,2,0,1,1,0,2,1,0,1,4,0,0,0,0,0,3,1,0,1,1,6,3,1,2,6,6,0,0,2,1,2,0,0,2,1,1,8,9,2,2,2,3,1,0,1,2,1,0,0,0,0,0,0,1,0,0,5,1,2,1,1,1,1,pre_miRNA
URS00008553BA/Marinomonas,0,0,0,0,0,0,15,0,1,0,0,0,0,0,0,0,0,0,0,1,0,0,0,0,0,0,0,0,0,0,15,0,0,0,0,0,0,0,0,0,14,1,0,1,0,14,0,0,0,0,1,14,0,0,0,0,0,0,0,14,0,0,1,0,pre_miRNA
URS000067D154/Streptomyces,1,1,0,0,1,2,0,0,2,1,2,0,0,0,0,0,0,1,1,0,1,4,6,1,1,4,4,5,1,3,1,2,0,2,2,0,1,8,5,1,1,3,4,1,0,2,1,0,0,0,1,1,1,0,2,2,0,1,1,0,0,3,0,0,pre_miRNA
URS0000BE5A41/Sphingomonas,1,1,0,1,0,0,2,0,2,3,1,0,0,0,0,0,0,2,1,3,0,8,6,0,2,8,6,0,0,3,1,0,0,0,3,0,4,6,10,2,2,3,6,0,1,1,0,0,0,0,0,0,0,0,1,1,0,3,1,1,0,2,0,2,pre_miRNA
URS00021EB78D/Bradyrhizobium,0,0,1,0,0,4,2,0,0,1,2,0,0,1,1,1,1,1,0,1,1,1,3,3,4,3,6,1,2,3,0,0,1,0,3,4,0,2,2,2,1,4,1,1,1,1,3,3,0,1,0,1,2,2,5,0,1,3,0,1,0,1,1,0,pre_miRNA
URS0000BEF609/Streptomyces,0,1,0,0,0,4,3,0,0,0,1,0,0,0,0,0,0,1,1,0,1,3,4,2,4,5,6,2,0,1,0,0,0,1,1,3,1,2,3,1,2,3,5,1,1,4,2,0,0,0,1,0,0,2,4,0,0,1,0,0,0,1,0,0,pre_miRNA
URS0000EC6E37/Halomonas,0,0,0,0,1,0,13,0,1,0,0,0,0,0,0,0,0,0,0,1,0,0,0,0,0,0,0,0,0,1,15,0,0,0,0,0,0,1,2,0,12,0,1,0,0,14,0,0,0,1,0,13,0,0,0,0,0,0,0,16,0,0,0,0,pre_miRNA
URS0000C2C55C/Desulfobacterales,0,0,0,0,14,0,0,0,9,0,1,0,0,0,0,0,0,1,0,1,0,0,0,0,0,0,0,0,0,13,3,0,0,0,0,1,1,1,0,0,0,0,0,2,0,1,8,0,1,0,0,22,1,0,0,0,0,1,0,0,0,1,0,0,pre_miRNA
URS0000BE408A/Agrobacterium,0,1,1,1,0,1,1,1,0,0,1,2,0,1,0,0,0,3,0,0,3,7,5,3,2,0,4,1,0,2,1,0,0,0,2,1,2,1,3,1,4,4,8,2,0,1,3,1,0,1,0,1,0,3,0,0,0,1,3,0,0,4,1,0,pre_miRNA
URS0000D889E0/Rhizobiales,1,0,1,0,2,0,2,1,0,2,5,0,0,0,0,0,0,1,2,0,2,10,2,3,0,3,3,0,0,4,0,1,2,0,3,2,0,3,1,0,5,0,7,1,1,0,2,1,1,1,1,0,1,2,0,1,0,2,0,0,0,2,0,0,pre_miRNA
URS0000E50A96/Oceanibaculum,0,0,0,0,3,0,4,0,7,0,3,0,0,0,0,0,0,0,0,2,1,0,0,0,0,0,0,0,0,0,13,0,0,0,0,0,3,2,2,0,2,3,2,0,0,11,3,0,0,1,0,14,0,1,1,0,0,0,0,11,0,0,0,0,pre_miRNA
URS0000AE87C8/Eubacterium,0,0,0,0,2,1,4,0,3,2,3,0,0,0,0,0,0,0,0,0,4,0,0,0,0,0,0,1,0,2,13,0,0,0,0,0,2,1,1,0,4,2,1,0,0,13,2,0,0,1,0,14,0,0,1,5,0,0,0,9,0,0,0,1,pre_miRNA
URS0000D971FC/Massilia,0,0,1,2,2,0,1,0,2,1,2,3,1,2,1,1,2,3,1,2,2,4,5,1,2,1,1,1,0,3,0,3,1,1,2,2,0,5,3,1,4,2,5,0,0,1,6,0,0,1,1,0,1,3,3,0,1,4,2,2,1,0,0,0,pre_miRNA
URS0000BFBC2E/Leucobacter,0,0,0,0,0,2,0,0,3,0,3,0,0,1,0,0,0,1,1,0,1,4,4,0,0,4,5,1,0,4,2,1,1,0,2,2,1,1,6,1,3,4,5,1,0,2,1,0,0,1,0,1,0,1,4,3,0,2,0,1,0,0,0,0,pre_miRNA
URS0000BFF497/Sphingomonas,1,0,1,3,0,0,2,0,0,3,0,2,0,1,0,0,0,3,1,0,1,6,3,1,2,5,7,1,4,1,2,0,0,1,1,2,1,5,9,2,2,3,5,1,0,2,1,0,0,0,0,0,1,1,3,1,0,3,0,1,0,2,0,2,pre_miRNA
URS0000D9DEE9/Devosia,0,0,2,0,0,2,1,0,1,1,6,0,0,2,0,0,1,1,1,0,2,9,2,5,0,3,4,1,0,3,1,1,1,3,5,1,3,1,1,2,6,1,8,1,0,0,2,0,0,0,0,0,0,4,1,0,1,0,1,0,0,2,0,0,pre_miRNA
URS0000D8A657/Sphingomonas,0,0,0,1,1,3,2,1,1,2,1,1,0,0,0,1,1,3,1,1,0,4,3,1,3,5,8,0,1,1,0,2,0,1,1,1,0,7,5,1,1,1,3,1,1,2,3,1,0,1,0,1,2,1,2,1,1,1,0,0,0,1,0,1,pre_miRNA
URS0000D8E032/Streptomyces,0,0,0,0,0,1,3,0,0,3,1,0,0,1,0,0,0,2,0,0,1,5,5,1,3,4,4,4,0,1,1,0,0,1,0,1,1,3,7,1,3,3,2,0,0,2,2,0,1,3,0,0,0,0,2,0,0,0,0,1,0,1,0,0,pre_miRNA
URS0000649613/Sphingomonas,0,1,0,0,0,3,0,2,0,2,1,0,0,0,0,0,0,2,1,0,2,10,6,2,2,4,7,2,0,6,1,0,1,0,2,0,1,4,4,4,3,0,5,2,1,2,1,0,0,3,0,1,0,3,1,1,1,0,1,0,0,3,0,0,pre_miRNA
URS000065B9E4/Streptomyces,0,1,0,0,0,2,0,0,0,1,2,0,0,2,1,1,0,0,1,0,0,3,4,0,3,4,4,5,1,1,1,0,0,2,1,3,2,3,4,2,3,1,2,2,1,2,1,2,0,2,0,0,0,3,5,0,0,0,3,0,0,1,1,0,pre_miRNA
URS0000D99DA0/Arthrobacter,0,1,1,1,2,3,2,1,1,0,1,1,0,4,0,0,0,2,1,0,2,4,1,3,5,5,2,1,0,2,0,0,0,1,2,2,0,2,1,2,3,1,4,1,1,0,4,1,1,2,4,0,2,0,2,0,1,0,0,1,0,0,1,0,pre_miRNA
URS0000AF277C/Paenibacillus,0,0,0,0,4,0,2,0,4,1,5,1,0,0,0,0,0,0,0,1,0,0,1,0,0,0,0,0,0,0,11,0,0,0,0,0,1,1,1,0,5,1,2,2,0,10,8,0,0,0,0,16,2,0,1,0,0,0,0,10,0,1,0,1,pre_miRNA
URS0000687A57/Ktedonobacter,1,1,2,0,2,0,1,1,1,4,0,2,0,2,1,0,1,2,0,0,1,2,1,3,2,1,2,1,1,3,0,2,0,1,3,2,1,2,1,1,2,0,2,2,1,1,1,3,1,2,2,0,1,0,2,3,2,0,1,0,1,1,3,4,pre_miRNA
URS0000C0118F/Streptomyces,0,1,0,0,0,0,2,1,2,3,0,0,0,1,1,0,0,1,2,0,1,4,9,2,3,1,4,1,2,2,1,1,0,3,0,1,1,5,4,1,1,7,4,1,0,3,1,0,0,0,1,1,1,2,1,0,0,1,2,2,0,0,0,0,pre_miRNA
URS0000D991C0/Rathayibacter,1,0,0,0,0,4,2,1,0,2,1,0,1,2,0,0,1,2,1,0,2,1,3,1,3,4,3,1,0,3,0,2,2,3,1,1,0,1,2,4,2,1,2,0,0,1,2,0,1,0,1,0,1,2,1,2,0,0,2,1,0,0,2,3,pre_miRNA
URS00021DF12A/Sphingopyxis,0,1,1,1,0,0,1,1,1,2,3,1,0,0,1,0,2,1,1,1,1,7,4,1,1,4,3,1,1,2,0,1,1,0,3,0,1,5,7,1,3,3,7,0,0,0,2,0,0,0,0,0,0,0,2,0,1,4,0,0,0,2,0,0,pre_miRNA
URS0000B0BC7D/Lachnospiraceae,0,0,0,0,2,0,1,0,5,2,4,0,0,0,0,0,0,0,0,0,0,0,2,1,0,1,0,0,0,0,11,0,0,0,0,0,1,0,4,0,5,1,2,0,0,11,8,0,0,0,0,14,0,0,0,3,0,0,0,13,0,0,1,0,pre_miRNA
URS0000AC0ECC/Acetitomaculum,0,0,0,0,0,0,3,0,9,2,2,2,0,0,0,0,0,0,0,0,2,0,0,0,0,0,0,0,0,0,9,0,0,0,0,0,3,0,0,0,4,0,2,0,0,9,12,0,0,1,0,18,2,0,0,2,0,0,0,8,0,0,0,2,pre_miRNA
URS0000BE114D/Sphingomonas,0,0,0,1,2,2,3,1,0,3,1,0,0,1,0,0,4,1,2,0,1,5,3,1,0,8,7,1,0,2,1,2,0,0,3,0,2,8,8,1,3,3,4,2,0,1,1,3,0,0,0,1,0,1,2,0,0,4,2,1,0,1,2,0,pre_miRNA
URS0000BE58D7/Arenimonas,0,0,0,0,1,1,1,4,2,1,2,1,0,2,0,0,3,5,1,0,2,5,5,1,2,6,4,0,0,3,2,1,0,4,2,0,0,3,9,2,2,5,0,0,0,2,1,0,1,0,0,0,1,2,2,1,2,2,1,0,0,0,0,1,pre_miRNA
URS000068C700/Sphingomonas,0,0,2,2,0,4,1,0,4,2,0,1,0,0,0,0,0,1,1,0,1,5,4,1,2,3,9,0,0,3,1,0,0,0,6,1,3,2,5,2,7,2,8,3,0,3,3,1,0,2,2,0,0,0,3,1,0,4,1,0,0,1,1,1,pre_miRNA
URS0000D881AF/Streptomyces,0,1,0,0,1,1,1,1,0,1,1,0,0,0,1,0,0,1,0,0,0,4,3,2,1,3,7,3,0,2,1,1,1,1,1,0,0,8,5,0,0,3,4,1,1,2,1,0,0,1,0,0,0,1,2,1,2,0,2,0,0,0,0,0,pre_miRNA
URS0000D83E5C/Microlunatus,0,0,0,0,1,1,4,0,2,0,1,0,0,0,0,0,0,1,2,1,0,5,3,1,3,7,5,2,0,1,0,1,0,0,0,2,2,7,7,0,2,2,1,0,0,4,3,0,0,3,0,1,0,0,1,0,0,1,3,1,0,0,0,0,pre_miRNA
URS0000680C4C/Sphingomonas,0,0,3,3,0,3,1,1,4,2,3,0,0,0,0,0,0,0,2,0,0,3,4,0,2,4,9,1,0,5,0,1,2,0,5,2,2,3,5,2,9,1,5,0,0,3,2,0,0,1,1,1,0,2,2,1,1,0,1,1,0,2,0,2,pre_miRNA
URS0000BEB4BE/Sphingomonas,1,1,1,0,0,5,1,0,1,2,2,1,0,1,0,1,2,1,1,1,2,5,2,2,1,3,5,0,0,4,1,2,0,0,4,1,1,3,4,2,4,2,2,2,1,0,2,0,1,1,1,1,2,2,1,0,1,1,1,0,0,1,0,0,pre_miRNA
URS0000BE5EA8/Sphingopyxis,1,3,1,0,1,3,4,1,2,1,3,1,0,1,0,1,1,2,4,1,1,5,5,3,2,3,1,1,3,5,1,1,0,0,3,5,2,1,3,4,5,3,3,1,1,3,3,0,2,0,0,1,0,2,4,0,2,5,3,1,0,2,0,1,pre_miRNA
URS0000D9EAEF/Kocuria,1,0,2,0,0,2,1,0,1,1,1,0,0,0,0,0,0,1,0,0,2,0,6,4,2,2,9,1,0,3,2,0,0,1,1,1,1,8,2,2,1,4,2,1,0,3,1,0,0,1,1,0,1,3,0,1,0,2,0,1,0,1,1,1,pre_miRNA
URS0000B96FD8/Bacillus,0,0,0,1,1,0,2,0,6,0,5,1,1,0,1,0,0,0,0,0,2,0,0,0,0,0,0,1,0,0,11,0,0,1,0,0,4,1,0,0,1,2,1,1,0,9,5,2,0,1,0,15,1,0,1,2,1,0,0,8,0,0,2,2,pre_miRNA
URS0000BFE61A/Sphingomonas,1,3,0,0,1,1,2,0,0,2,2,1,0,0,0,1,1,0,1,0,0,2,5,1,1,6,7,0,1,3,0,2,2,0,1,1,2,4,5,2,2,0,5,3,1,2,2,2,1,1,1,1,0,2,3,0,1,3,0,1,0,1,1,0,pre_miRNA
URS0000C4B726/Paramesorhizobium,2,1,2,0,0,1,5,0,0,2,1,0,0,2,4,0,0,1,5,1,1,0,1,3,0,4,3,5,0,1,2,2,1,2,1,2,3,3,2,3,1,2,2,2,2,2,1,4,0,2,0,2,2,2,1,2,6,2,0,1,4,3,0,0,pre_miRNA
URS0001DDD6A3/Novosphingobium,0,0,3,0,2,5,0,0,3,0,2,0,0,0,1,0,2,2,0,0,1,11,0,4,1,0,0,1,1,5,0,1,0,0,2,1,0,0,0,1,0,2,11,2,0,1,2,3,2,1,2,0,1,0,0,3,1,0,3,0,1,0,1,2,pre_miRNA
URS00006F626E/Sphingomonas,2,1,4,1,0,2,2,1,3,3,2,1,0,0,0,0,1,1,1,0,1,5,3,0,3,3,8,1,0,3,1,0,2,0,5,2,2,3,5,2,8,0,4,0,0,3,1,0,0,1,1,1,0,2,1,0,1,0,1,0,0,1,0,0,pre_miRNA
