nameseq,maximum_ORF_length,minimum_ORF_length,std_ORF_length,average_ORF_length,cv_ORF_length,maximum_GC_content_ORF,minimum_GC_content_ORF,std_GC_content_ORF,average_GC_content_ORF,cv_GC_content_ORF,label
URS000006F838/Thermoanaerobacter,0,0,0,0,0,0,0,0,0,0,miRNA
URS0000283DEC/Oscillatoriales,6,6,0.0,6.0,0.0,33.33333333333333,33.33333333333333,0.0,33.33333333333333,0.0,miRNA
URS000020C75E/Pseudomonas,0,0,0,0,0,0,0,0,0,0,miRNA
URS00002CF439/Capnocytophaga,0,0,0,0,0,0,0,0,0,0,miRNA
URS00002D2BC5/Rhizobium,0,0,0,0,0,0,0,0,0,0,miRNA
URS0000326346/Prevotella,90,45,22.5,67.5,0.3333333333333333,40.0,38.88888888888889,0.5555555555555536,39.44444444444444,0.014084507042253471,miRNA
URS00002EE34B/Pseudomonas,0,0,0,0,0,0,0,0,0,0,miRNA
URS00003B57B0/Rivularia,0,0,0,0,0,0,0,0,0,0,miRNA
URS000035ED5D/Capnocytophaga,0,0,0,0,0,0,0,0,0,0,miRNA
URS00003E1E75/Capnocytophaga,63,63,0.0,63.0,0.0,49.2063492063492,49.2063492063492,0.0,49.2063492063492,0.0,miRNA
URS00003CFD19/Desulfobacter,0,0,0,0,0,0,0,0,0,0,miRNA
URS000053415E/Lachnospiraceae,0,0,0,0,0,0,0,0,0,0,miRNA
URS00003F18A8/Capnocytophaga,0,0,0,0,0,0,0,0,0,0,miRNA
URS00004159DF/Ralstonia,12,12,0.0,12.0,0.0,58.333333333333336,58.333333333333336,0.0,58.333333333333336,0.0,miRNA
URS000045437B/Prevotella,33,15,9.0,24.0,0.375,66.66666666666666,45.45454545454545,10.606060606060602,56.060606060606055,0.18918918918918914,miRNA
URS000047E949/Prevotella,0,0,0,0,0,0,0,0,0,0,miRNA
URS00005255A8/Rhizobium,0,0,0,0,0,0,0,0,0,0,miRNA
URS000055B57E/Pseudomonas,0,0,0,0,0,0,0,0,0,0,miRNA
URS000057EBF6/Moorea,0,0,0,0,0,0,0,0,0,0,miRNA
URS0000655ADD/Frankia,0,0,0,0,0,0,0,0,0,0,miRNA
URS0000669483/Sorangium,0,0,0,0,0,0,0,0,0,0,miRNA
URS00005C93BE/Pseudomonas,0,0,0,0,0,0,0,0,0,0,miRNA
URS0000674681/Streptomyces,0,0,0,0,0,0,0,0,0,0,miRNA
URS0000609D73/Pseudomonas,0,0,0,0,0,0,0,0,0,0,miRNA
URS00005684F2/Xanthomonas,0,0,0,0,0,0,0,0,0,0,miRNA
URS0000613847/Pseudomonas,0,0,0,0,0,0,0,0,0,0,miRNA
URS00006A857B/Sphingomonas,0,0,0,0,0,0,0,0,0,0,miRNA
URS00007F06D9/Candidatus,21,21,0.0,21.0,0.0,38.095238095238095,38.095238095238095,0.0,38.095238095238095,0.0,miRNA
URS0000ADC386/Curtobacterium,0,0,0,0,0,0,0,0,0,0,miRNA
URS0000705BBA/Streptomyces,0,0,0,0,0,0,0,0,0,0,miRNA
URS0000AF0259/Curtobacterium,0,0,0,0,0,0,0,0,0,0,miRNA
URS0000702B0E/Spirosoma,21,15,3.0,18.0,0.16666666666666666,40.0,38.095238095238095,0.9523809523809526,39.04761904761905,0.024390243902439025,miRNA
URS000071FD08/Streptomyces,0,0,0,0,0,0,0,0,0,0,miRNA
URS000080159D/Neochlamydia,12,12,0.0,12.0,0.0,41.66666666666667,41.66666666666667,0.0,41.66666666666667,0.0,miRNA
URS00007E5D41/Parachlamydia,12,12,0.0,12.0,0.0,33.33333333333333,33.33333333333333,0.0,33.33333333333333,0.0,miRNA
URS000080A228/Candidatus,0,0,0,0,0,0,0,0,0,0,miRNA
URS00007F65E4/Parachlamydia,24,12,6.0,18.0,0.3333333333333333,33.33333333333333,25.0,4.166666666666664,29.166666666666664,0.1428571428571428,miRNA
URS000083257D/Tannerella,0,0,0,0,0,0,0,0,0,0,miRNA
URS0000B85E65/Sphingomonas,0,0,0,0,0,0,0,0,0,0,miRNA
URS000080A323/Parachlamydia,0,0,0,0,0,0,0,0,0,0,miRNA
URS0000820B05/Tannerella,24,24,0.0,24.0,0.0,41.66666666666667,41.66666666666667,0.0,41.66666666666667,0.0,miRNA
URS0000824F6B/Tannerella,42,42,0.0,42.0,0.0,47.61904761904761,47.61904761904761,0.0,47.61904761904761,0.0,miRNA
URS00000FB4B3/Capnocytophaga,0,0,0,0,0,0,0,0,0,0,miRNA
URS00001D7098/Xenococcus,0,0,0,0,0,0,0,0,0,0,miRNA
URS000007F1E8/Pantoea,0,0,0,0,0,0,0,0,0,0,miRNA
URS00001D5617/Candidatus,33,33,0.0,33.0,0.0,30.303030303030305,30.303030303030305,0.0,30.303030303030305,0.0,miRNA
URS0000D215CF/Chitinophaga,75,75,0.0,75.0,0.0,36.0,36.0,0.0,36.0,0.0,miRNA
URS00002353C5/Pseudomonas,0,0,0,0,0,0,0,0,0,0,miRNA
URS0000CD6FAC/Chitinophaga,27,27,0.0,27.0,0.0,33.33333333333333,33.33333333333333,0.0,33.33333333333333,0.0,miRNA
URS0000D0BEC8/Pseudomonas,0,0,0,0,0,0,0,0,0,0,miRNA
URS0000D23776/Spirosoma,0,0,0,0,0,0,0,0,0,0,miRNA
URS0000E138E8/Stenotrophomonas,51,51,0.0,51.0,0.0,43.13725490196079,43.13725490196079,0.0,43.13725490196079,0.0,miRNA
URS0000CFA823/Pseudomonas,15,15,0.0,15.0,0.0,46.666666666666664,46.666666666666664,0.0,46.666666666666664,0.0,miRNA
URS0000DC2270/Pseudomonas,15,15,0.0,15.0,0.0,46.666666666666664,46.666666666666664,0.0,46.666666666666664,0.0,miRNA
URS0000E15330/Stenotrophomonas,27,27,0.0,27.0,0.0,51.85185185185185,51.85185185185185,0.0,51.85185185185185,0.0,miRNA
URS0000DE9C8B/Pseudomonas,0,0,0,0,0,0,0,0,0,0,miRNA
URS0000E17B49/Stenotrophomonas,0,0,0,0,0,0,0,0,0,0,miRNA
URS0000DEAA98/Pseudomonas,6,6,0.0,6.0,0.0,33.33333333333333,33.33333333333333,0.0,33.33333333333333,0.0,miRNA
URS0000E26647/Stenotrophomonas,0,0,0,0,0,0,0,0,0,0,miRNA
URS0000E276B4/Thiocapsa,0,0,0,0,0,0,0,0,0,0,miRNA
URS0000E343A9/Stenotrophomonas,0,0,0,0,0,0,0,0,0,0,miRNA
URS0000E436D3/Eilatimonas,0,0,0,0,0,0,0,0,0,0,miRNA
URS0000EE4968/Labrenzia,0,0,0,0,0,0,0,0,0,0,miRNA
URS0000EC949F/Tepidamorphus,0,0,0,0,0,0,0,0,0,0,miRNA
URS0000ECB7FB/Anoxybacillus,78,78,0.0,78.0,0.0,34.61538461538461,34.61538461538461,0.0,34.61538461538461,0.0,miRNA
URS0000ECCD21/Larkinella,54,12,21.0,33.0,0.6363636363636364,42.592592592592595,25.0,8.796296296296298,33.7962962962963,0.26027397260273977,miRNA
URS00010C75D7/Sinorhizobium,0,0,0,0,0,0,0,0,0,0,miRNA
URS00012E0807/Stenotrophomonas,0,0,0,0,0,0,0,0,0,0,miRNA
URS0000EE636E/Stenotrophomonas,0,0,0,0,0,0,0,0,0,0,miRNA
URS0001535F0D/Chitinophaga,0,0,0,0,0,0,0,0,0,0,miRNA
URS0000EE6B72/Stenotrophomonas,0,0,0,0,0,0,0,0,0,0,miRNA
URS0000EE9049/Stenotrophomonas,0,0,0,0,0,0,0,0,0,0,miRNA
URS0000F02773/Pseudomonas,0,0,0,0,0,0,0,0,0,0,miRNA
URS0001DBD379/Novosphingobium,0,0,0,0,0,0,0,0,0,0,miRNA
URS000160FDB3/Pseudomonas,0,0,0,0,0,0,0,0,0,0,miRNA
URS0001FF58A2/Novosphingobium,0,0,0,0,0,0,0,0,0,0,miRNA
URS0001F4F4DB/Novosphingobium,0,0,0,0,0,0,0,0,0,0,miRNA
URS000218B35A/Confluentimicrobium,33,33,0.0,33.0,0.0,51.515151515151516,51.515151515151516,0.0,51.515151515151516,0.0,miRNA
URS00021A486D/Sphingomonas,66,66,0.0,66.0,0.0,72.72727272727273,72.72727272727273,0.0,72.72727272727273,0.0,miRNA
URS00021ACA95/Novosphingobium,0,0,0,0,0,0,0,0,0,0,miRNA
URS00021ADE18/Halomonas,0,0,0,0,0,0,0,0,0,0,miRNA
URS00021AE063/Rhizobium,0,0,0,0,0,0,0,0,0,0,miRNA
URS00021C081C/Dyella,0,0,0,0,0,0,0,0,0,0,miRNA
URS00021C0B9D/Methylorubrum,0,0,0,0,0,0,0,0,0,0,miRNA
URS00021C22EE/Paeniglutamicibacter,0,0,0,0,0,0,0,0,0,0,miRNA
URS000218D91A/Pseudomonas,0,0,0,0,0,0,0,0,0,0,miRNA
URS00021B005B/Sphingosinicella,18,18,0.0,18.0,0.0,55.55555555555556,55.55555555555556,0.0,55.55555555555556,0.0,miRNA
URS00021B028A/Sphingomonas,9,9,0.0,9.0,0.0,44.44444444444444,44.44444444444444,0.0,44.44444444444444,0.0,miRNA
URS000218FD5C/Sphingomonas,0,0,0,0,0,0,0,0,0,0,miRNA
URS00021B14C0/Sphingomonas,0,0,0,0,0,0,0,0,0,0,miRNA
URS00021B16B1/Dyella,0,0,0,0,0,0,0,0,0,0,miRNA
URS00021B2778/Sphingomonas,0,0,0,0,0,0,0,0,0,0,miRNA
URS00021B3E92/Rhizobium,0,0,0,0,0,0,0,0,0,0,miRNA
URS00021B4EC1/Streptosporangium,0,0,0,0,0,0,0,0,0,0,miRNA
URS00021B611A/Sphingomonas,0,0,0,0,0,0,0,0,0,0,miRNA
URS00021B6483/Sphingomonas,0,0,0,0,0,0,0,0,0,0,miRNA
URS00021C79A6/Sphingomonas,0,0,0,0,0,0,0,0,0,0,miRNA
URS00021952B3/Sphingobium,0,0,0,0,0,0,0,0,0,0,miRNA
URS00021B66A2/Dyella,9,9,0.0,9.0,0.0,11.11111111111111,11.11111111111111,0.0,11.11111111111111,0.0,miRNA
URS00021B68BF/Sphingopyxis,0,0,0,0,0,0,0,0,0,0,miRNA
URS00021B8FBC/Sphingomonas,0,0,0,0,0,0,0,0,0,0,miRNA
URS00021B9845/Sphingopyxis,0,0,0,0,0,0,0,0,0,0,miRNA
URS0002195B74/Bradyrhizobium,30,30,0.0,30.0,0.0,60.0,60.0,0.0,60.0,0.0,miRNA
URS00021BA1BB/Sphingomonas,72,72,0.0,72.0,0.0,65.27777777777779,65.27777777777779,0.0,65.27777777777779,0.0,miRNA
URS00021BC98A/Rhizobium,0,0,0,0,0,0,0,0,0,0,miRNA
URS00021CA378/Rhizobium,0,0,0,0,0,0,0,0,0,0,miRNA
URS0002195DD5/Rhizobium,0,0,0,0,0,0,0,0,0,0,miRNA
URS000219697A/Sphingopyxis,0,0,0,0,0,0,0,0,0,0,miRNA
URS00021971AB/Sphingomonas,0,0,0,0,0,0,0,0,0,0,miRNA
URS000219908E/Bradyrhizobium,0,0,0,0,0,0,0,0,0,0,miRNA
URS000219BB56/Sphingomonas,0,0,0,0,0,0,0,0,0,0,miRNA
URS000219BD1C/Devosia,66,66,0.0,66.0,0.0,63.63636363636363,63.63636363636363,0.0,63.63636363636363,0.0,miRNA
URS000219D115/Rubricella,0,0,0,0,0,0,0,0,0,0,miRNA
URS00021BEF43/Xanthomonas,0,0,0,0,0,0,0,0,0,0,miRNA
URS00021DCE9E/Novosphingobium,0,0,0,0,0,0,0,0,0,0,miRNA
URS00021DE097/Rhizobium,0,0,0,0,0,0,0,0,0,0,miRNA
URS00021DF2C3/Sphingobium,0,0,0,0,0,0,0,0,0,0,miRNA
URS00021E00E1/Sphingomonas,0,0,0,0,0,0,0,0,0,0,miRNA
URS00021E2097/Sphingomonas,0,0,0,0,0,0,0,0,0,0,miRNA
URS00021E34FA/Dyella,6,6,0.0,6.0,0.0,16.666666666666664,16.666666666666664,0.0,16.666666666666664,0.0,miRNA
URS00021E4017/Sphingomonas,0,0,0,0,0,0,0,0,0,0,miRNA
URS00021E7827/Sinorhizobium,0,0,0,0,0,0,0,0,0,0,miRNA
URS00021E7C42/Leifsonia,0,0,0,0,0,0,0,0,0,0,miRNA
URS00021E7D75/Ramlibacter,0,0,0,0,0,0,0,0,0,0,miRNA
URS00021E8A2E/Rhizobium,0,0,0,0,0,0,0,0,0,0,miRNA
URS00021E9E89/Rhizobium,0,0,0,0,0,0,0,0,0,0,miRNA
URS00021EA82C/Sphingomonas,0,0,0,0,0,0,0,0,0,0,miRNA
URS00021EB2DF/Sphingomonas,0,0,0,0,0,0,0,0,0,0,miRNA
URS00021EC435/Sphingomonas,0,0,0,0,0,0,0,0,0,0,miRNA
URS00021ED718/Nocardioides,0,0,0,0,0,0,0,0,0,0,miRNA
URS00021CAED6/Ramlibacter,0,0,0,0,0,0,0,0,0,0,miRNA
URS00021CC5A8/Promicromonospora,0,0,0,0,0,0,0,0,0,0,miRNA
URS00021CD877/Sphingopyxis,0,0,0,0,0,0,0,0,0,0,miRNA
URS00021CDB84/Rhizobium,0,0,0,0,0,0,0,0,0,0,miRNA
URS00021CFF01/Rhodanobacter,0,0,0,0,0,0,0,0,0,0,miRNA
URS00021D099D/Novosphingobium,0,0,0,0,0,0,0,0,0,0,miRNA
URS00021D0FA1/Saccharopolyspora,0,0,0,0,0,0,0,0,0,0,miRNA
URS00021D2357/Sphingopyxis,0,0,0,0,0,0,0,0,0,0,miRNA
URS00021D2B8A/Sphingomonas,0,0,0,0,0,0,0,0,0,0,miRNA
URS00021D6B8B/Sphingomonas,0,0,0,0,0,0,0,0,0,0,miRNA
URS00021D6D8F/Sphingopyxis,12,12,0.0,12.0,0.0,33.33333333333333,33.33333333333333,0.0,33.33333333333333,0.0,miRNA
URS00021D7C5A/Pseudomonas,0,0,0,0,0,0,0,0,0,0,miRNA
URS00021D85A8/Sphingomonas,0,0,0,0,0,0,0,0,0,0,miRNA
URS00021D98EB/Rhizobium,0,0,0,0,0,0,0,0,0,0,miRNA
URS000221E152/Rhizobium,0,0,0,0,0,0,0,0,0,0,miRNA
URS000225BA46/Rhizobium,0,0,0,0,0,0,0,0,0,0,miRNA
URS000219D7DD/Sphingomonas,0,0,0,0,0,0,0,0,0,0,miRNA
URS000219EDEB/Dyella,9,9,0.0,9.0,0.0,11.11111111111111,11.11111111111111,0.0,11.11111111111111,0.0,miRNA
URS000219F00F/Sphingobium,9,9,0.0,9.0,0.0,44.44444444444444,44.44444444444444,0.0,44.44444444444444,0.0,miRNA
URS00021A1A17/Hymenobacter,9,9,0.0,9.0,0.0,33.33333333333333,33.33333333333333,0.0,33.33333333333333,0.0,miRNA
URS0000AD0CAB/Curtobacterium,0,0,0,0,0,0,0,0,0,0,miRNA
URS0000AD8572/Curtobacterium,0,0,0,0,0,0,0,0,0,0,miRNA
URS0000ADA90B/Curtobacterium,0,0,0,0,0,0,0,0,0,0,miRNA
URS0000B09249/Thalassospira,0,0,0,0,0,0,0,0,0,0,miRNA
URS0000AEF26D/Curtobacterium,0,0,0,0,0,0,0,0,0,0,miRNA
URS0000AF3711/Curtobacterium,0,0,0,0,0,0,0,0,0,0,miRNA
URS0000B9E3E5/Sphingomonas,27,27,0.0,27.0,0.0,62.96296296296296,62.96296296296296,0.0,62.96296296296296,0.0,miRNA
URS0000BFABB8/Sphingomonas,0,0,0,0,0,0,0,0,0,0,miRNA
URS0000BE3947/Sphingomonas,0,0,0,0,0,0,0,0,0,0,miRNA
URS0000BE3DBA/Knoellia,0,0,0,0,0,0,0,0,0,0,miRNA
URS0000BFBA6A/Sphingomonas,0,0,0,0,0,0,0,0,0,0,miRNA
URS0000BEEE25/Streptomyces,0,0,0,0,0,0,0,0,0,0,miRNA
URS0000BFF544/Sphingopyxis,0,0,0,0,0,0,0,0,0,0,miRNA
URS0000BEFA40/Actinobacteria,0,0,0,0,0,0,0,0,0,0,miRNA
URS0000C005BC/Curtobacterium,0,0,0,0,0,0,0,0,0,0,miRNA
URS0000C2CD2C/Bifidobacterium,0,0,0,0,0,0,0,0,0,0,miRNA
URS0000BF2E51/Desulfuromonas,0,0,0,0,0,0,0,0,0,0,miRNA
URS0000C6B4F5/Curtobacterium,0,0,0,0,0,0,0,0,0,0,miRNA
URS0000BF8A17/Desulfovibrio,0,0,0,0,0,0,0,0,0,0,miRNA
URS0000BFA659/Sphingomonas,0,0,0,0,0,0,0,0,0,0,miRNA
URS0000CB7746/Saccharopolyspora,30,30,0.0,30.0,0.0,53.333333333333336,53.333333333333336,0.0,53.333333333333336,0.0,miRNA
URS0000CE1A77/Mucilaginibacter,21,21,0.0,21.0,0.0,47.61904761904761,42.857142857142854,2.3809523809523796,45.238095238095234,0.0526315789473684,miRNA
URS0000D45CA5/Acidovorax,15,15,0.0,15.0,0.0,53.333333333333336,53.333333333333336,0.0,53.333333333333336,0.0,miRNA
URS0000D4B902/Pseudomonas,0,0,0,0,0,0,0,0,0,0,miRNA
URS0000D539FD/Flagellimonas,0,0,0,0,0,0,0,0,0,0,miRNA
URS0000CEA93F/Pseudaminobacter,0,0,0,0,0,0,0,0,0,0,miRNA
URS0000CF5A1B/Chitinophaga,0,0,0,0,0,0,0,0,0,0,miRNA
URS0000D506AC/Flagellimonas,0,0,0,0,0,0,0,0,0,0,miRNA
URS0000D515D4/Flagellimonas,0,0,0,0,0,0,0,0,0,0,miRNA
URS0000D53B17/Flagellimonas,0,0,0,0,0,0,0,0,0,0,miRNA
URS0000DC582B/Ensifer,0,0,0,0,0,0,0,0,0,0,miRNA
URS0000D78169/Hymenobacter,0,0,0,0,0,0,0,0,0,0,miRNA
URS0000DF2CCB/Ensifer,0,0,0,0,0,0,0,0,0,0,miRNA
URS0000DF41E9/Pseudomonas,0,0,0,0,0,0,0,0,0,0,miRNA
URS0000DD056E/Olleya,0,0,0,0,0,0,0,0,0,0,miRNA
URS0000DD7402/Pseudomonas,15,15,0.0,15.0,0.0,46.666666666666664,46.666666666666664,0.0,46.666666666666664,0.0,miRNA
URS0000DD7972/Pseudomonas,0,0,0,0,0,0,0,0,0,0,miRNA
URS0000DDDB9C/Pseudomonas,0,0,0,0,0,0,0,0,0,0,miRNA
URS0000E2C310/Otariodibacter,0,0,0,0,0,0,0,0,0,0,miRNA
URS0000E2CCA8/Stenotrophomonas,12,12,0.0,12.0,0.0,50.0,50.0,0.0,50.0,0.0,miRNA
URS0000DE2144/Pseudomonas,0,0,0,0,0,0,0,0,0,0,miRNA
URS0000DE7374/Pseudomonas,0,0,0,0,0,0,0,0,0,0,miRNA
URS0000E429A5/Thiocapsa,0,0,0,0,0,0,0,0,0,0,miRNA
URS0000E4BB21/Stenotrophomonas,0,0,0,0,0,0,0,0,0,0,miRNA
URS0000E4EFDA/Stappia,0,0,0,0,0,0,0,0,0,0,miRNA
URS0000E5D664/Stenotrophomonas,0,0,0,0,0,0,0,0,0,0,miRNA
URS0000D7C8DE/Brevundimonas,0,0,0,0,0,0,0,0,0,0,miRNA
URS0000D7E1AA/Streptomyces,0,0,0,0,0,0,0,0,0,0,miRNA
URS0000D81E15/Massilia,24,24,0.0,24.0,0.0,45.83333333333333,45.83333333333333,0.0,45.83333333333333,0.0,miRNA
URS0000D845F5/Streptomyces,0,0,0,0,0,0,0,0,0,0,miRNA
URS0000D8E4B4/Jiangella,0,0,0,0,0,0,0,0,0,0,miRNA
URS0000D8EE36/Massilia,0,0,0,0,0,0,0,0,0,0,miRNA
URS0000D8F021/Frankia,0,0,0,0,0,0,0,0,0,0,miRNA
URS0000D91E04/Streptomyces,0,0,0,0,0,0,0,0,0,0,miRNA
URS0000D96D3E/Massilia,0,0,0,0,0,0,0,0,0,0,miRNA
URS0000D97C78/Curtobacterium,0,0,0,0,0,0,0,0,0,0,miRNA
URS0000D9DBA2/Propionibacteriaceae,0,0,0,0,0,0,0,0,0,0,miRNA
URS0000DA09F0/Streptomyces,0,0,0,0,0,0,0,0,0,0,miRNA
URS0000DA17D4/Massilia,0,0,0,0,0,0,0,0,0,0,miRNA
URS0000DAA1C0/Arthrobacter,0,0,0,0,0,0,0,0,0,0,miRNA
URS0000DB1C83/Tsukamurella,0,0,0,0,0,0,0,0,0,0,miRNA
nameseq,maximum_ORF_length,minimum_ORF_length,std_ORF_length,average_ORF_length,cv_ORF_length,maximum_GC_content_ORF,minimum_GC_content_ORF,std_GC_content_ORF,average_GC_content_ORF,cv_GC_content_ORF,label
URS00006267D0/Sphingomonas,0,0,0,0,0,0,0,0,0,0,pre_miRNA
URS000062767A/Oceanicaulis,0,0,0,0,0,0,0,0,0,0,pre_miRNA
URS0000628C6D/Streptomyces,0,0,0,0,0,0,0,0,0,0,pre_miRNA
URS0000641C54/Sphingomonas,12,12,0.0,12.0,0.0,50.0,50.0,0.0,50.0,0.0,pre_miRNA
URS000064442F/Orientia,36,36,0.0,36.0,0.0,30.555555555555557,30.555555555555557,0.0,30.555555555555557,0.0,pre_miRNA
URS0000644F33/Deinococcus,0,0,0,0,0,0,0,0,0,0,pre_miRNA
URS0000659E8A/Sphingomonas,57,57,0.0,57.0,0.0,63.1578947368421,63.1578947368421,0.0,63.1578947368421,0.0,pre_miRNA
URS000065AB21/Spirosoma,0,0,0,0,0,0,0,0,0,0,pre_miRNA
URS0000664CD3/Spirosoma,0,0,0,0,0,0,0,0,0,0,pre_miRNA
URS000066A14B/Spirosoma,0,0,0,0,0,0,0,0,0,0,pre_miRNA
URS0000671A39/Sphingomonas,0,0,0,0,0,0,0,0,0,0,pre_miRNA
URS0000678D93/Amycolatopsis,0,0,0,0,0,0,0,0,0,0,pre_miRNA
URS0000626327/Pseudomonas,0,0,0,0,0,0,0,0,0,0,pre_miRNA
URS00006F9B91/Streptomyces,0,0,0,0,0,0,0,0,0,0,pre_miRNA
URS000068AB10/Sphingomonas,0,0,0,0,0,0,0,0,0,0,pre_miRNA
URS00006905AC/Sphingomonas,0,0,0,0,0,0,0,0,0,0,pre_miRNA
URS0000693689/Sphingomonas,0,0,0,0,0,0,0,0,0,0,pre_miRNA
URS0000694075/Isoptericola,0,0,0,0,0,0,0,0,0,0,pre_miRNA
URS00006AAA9E/[Cellvibrio],0,0,0,0,0,0,0,0,0,0,pre_miRNA
URS00006C0954/Desulfovibrio,0,0,0,0,0,0,0,0,0,0,pre_miRNA
URS00006C2D07/Sphingomonas,0,0,0,0,0,0,0,0,0,0,pre_miRNA
URS00006C424C/Janibacter,0,0,0,0,0,0,0,0,0,0,pre_miRNA
URS0000ABE4C9/Alicyclobacillus,0,0,0,0,0,0,0,0,0,0,pre_miRNA
URS00006CE428/Ktedonobacter,33,33,0.0,33.0,0.0,54.54545454545454,54.54545454545454,0.0,54.54545454545454,0.0,pre_miRNA
URS0000AEF85E/Eubacterium,0,0,0,0,0,0,0,0,0,0,pre_miRNA
URS00006CB858/Streptomyces,0,0,0,0,0,0,0,0,0,0,pre_miRNA
URS0000B04871/Nitrosomonas,0,0,0,0,0,0,0,0,0,0,pre_miRNA
URS00006E654D/Sphingomonas,0,0,0,0,0,0,0,0,0,0,pre_miRNA
URS00006F7857/Sphingomonas,0,0,0,0,0,0,0,0,0,0,pre_miRNA
URS00006FF92D/Syntrophobotulus,27,27,0.0,27.0,0.0,33.33333333333333,33.33333333333333,0.0,33.33333333333333,0.0,pre_miRNA
URS000070118B/Desulfovibrio,0,0,0,0,0,0,0,0,0,0,pre_miRNA
URS0000708DA4/Clostridium,0,0,0,0,0,0,0,0,0,0,pre_miRNA
URS0000702BED/Sphingomonas,0,0,0,0,0,0,0,0,0,0,pre_miRNA
URS0000710BFC/Desulfitobacterium,27,27,0.0,27.0,0.0,44.44444444444444,44.44444444444444,0.0,44.44444444444444,0.0,pre_miRNA
URS000070E1D1/Streptomyces,0,0,0,0,0,0,0,0,0,0,pre_miRNA
URS0000711607/Sphingomonas,72,72,0.0,72.0,0.0,69.44444444444444,69.44444444444444,0.0,69.44444444444444,0.0,pre_miRNA
URS00007200E3/Sphingomonas,48,12,18.0,30.0,0.6,75.0,33.33333333333333,20.833333333333336,54.166666666666664,0.3846153846153847,pre_miRNA
URS0000B2061E/Aeromonas,0,0,0,0,0,0,0,0,0,0,pre_miRNA
URS0000B87145/Azospirillum,0,0,0,0,0,0,0,0,0,0,pre_miRNA
URS000064D943/Hoeflea,0,0,0,0,0,0,0,0,0,0,pre_miRNA
URS000085DF8E/Thiomonas,0,0,0,0,0,0,0,0,0,0,pre_miRNA
URS0000EE0D8E/Methylosinus,0,0,0,0,0,0,0,0,0,0,pre_miRNA
URS0000EE5BFD/Rhizobium,0,0,0,0,0,0,0,0,0,0,pre_miRNA
URS000168884C/Bradyrhizobium,0,0,0,0,0,0,0,0,0,0,pre_miRNA
URS00019CAB74/Hoeflea,0,0,0,0,0,0,0,0,0,0,pre_miRNA
URS00019D3619/Paenibacillus,0,0,0,0,0,0,0,0,0,0,pre_miRNA
URS0001D405D3/Novosphingobium,0,0,0,0,0,0,0,0,0,0,pre_miRNA
URS0001D59180/Novosphingobium,0,0,0,0,0,0,0,0,0,0,pre_miRNA
URS0001D83F4C/Novosphingobium,0,0,0,0,0,0,0,0,0,0,pre_miRNA
URS0001EE224C/Mucilaginibacter,0,0,0,0,0,0,0,0,0,0,pre_miRNA
URS0001FAD0CE/Novosphingobium,0,0,0,0,0,0,0,0,0,0,pre_miRNA
URS00020B3722/Rhizobacter,0,0,0,0,0,0,0,0,0,0,pre_miRNA
URS000218FA5D/Geodermatophilus,0,0,0,0,0,0,0,0,0,0,pre_miRNA
URS0002191314/Nocardioides,0,0,0,0,0,0,0,0,0,0,pre_miRNA
URS00021A5510/Sphingomonas,6,6,0.0,6.0,0.0,33.33333333333333,33.33333333333333,0.0,33.33333333333333,0.0,pre_miRNA
URS00021B3E0C/Burkholderia,0,0,0,0,0,0,0,0,0,0,pre_miRNA
URS00021B574C/Sphingopyxis,0,0,0,0,0,0,0,0,0,0,pre_miRNA
URS00021B6D5D/Frigoribacterium,0,0,0,0,0,0,0,0,0,0,pre_miRNA
URS00021BBCF7/Sphingomonas,21,21,0.0,21.0,0.0,66.66666666666666,66.66666666666666,0.0,66.66666666666666,0.0,pre_miRNA
URS00021C4435/Sphingopyxis,0,0,0,0,0,0,0,0,0,0,pre_miRNA
URS00021C6515/Sphingomonas,0,0,0,0,0,0,0,0,0,0,pre_miRNA
URS00021CDBAD/Sphingopyxis,0,0,0,0,0,0,0,0,0,0,pre_miRNA
URS00021D0566/Allostreptomyces,0,0,0,0,0,0,0,0,0,0,pre_miRNA
URS00021D1193/Longimicrobium,0,0,0,0,0,0,0,0,0,0,pre_miRNA
URS00021D67C7/Microbacterium,0,0,0,0,0,0,0,0,0,0,pre_miRNA
URS00021DCD2B/Frigoribacterium,0,0,0,0,0,0,0,0,0,0,pre_miRNA
URS00021DD87A/Arthrobacter,0,0,0,0,0,0,0,0,0,0,pre_miRNA
URS00021E8BB2/Spinactinospora,0,0,0,0,0,0,0,0,0,0,pre_miRNA
URS00021EA957/Geodermatophilus,0,0,0,0,0,0,0,0,0,0,pre_miRNA
URS00021EBBE3/Streptomyces,0,0,0,0,0,0,0,0,0,0,pre_miRNA
URS0002272977/Streptomyces,0,0,0,0,0,0,0,0,0,0,pre_miRNA
URS0000AD9947/Acetitomaculum,0,0,0,0,0,0,0,0,0,0,pre_miRNA
URS0000ADE622/Ruminococcus,0,0,0,0,0,0,0,0,0,0,pre_miRNA
URS0000AE3423/Pseudobutyrivibrio,0,0,0,0,0,0,0,0,0,0,pre_miRNA
URS0000AEAAAF/Paenibacillus,0,0,0,0,0,0,0,0,0,0,pre_miRNA
URS0000AF2612/Pseudobutyrivibrio,0,0,0,0,0,0,0,0,0,0,pre_miRNA
URS0000B0EDE3/Azotobacter,0,0,0,0,0,0,0,0,0,0,pre_miRNA
URS0000B20B4E/Paracoccus,0,0,0,0,0,0,0,0,0,0,pre_miRNA
URS0000BE12C5/Actinobacteria,0,0,0,0,0,0,0,0,0,0,pre_miRNA
URS0000BE1525/Streptomyces,0,0,0,0,0,0,0,0,0,0,pre_miRNA
URS0000BE1B66/Sphingomonas,0,0,0,0,0,0,0,0,0,0,pre_miRNA
URS0000BE2761/Actinoplanes,0,0,0,0,0,0,0,0,0,0,pre_miRNA
URS0000BE28D6/Streptomyces,0,0,0,0,0,0,0,0,0,0,pre_miRNA
URS0000BE2F54/Sphingomonas,0,0,0,0,0,0,0,0,0,0,pre_miRNA
URS0000BE361E/Sphingomonas,0,0,0,0,0,0,0,0,0,0,pre_miRNA
URS0000BE3835/Curtobacterium,0,0,0,0,0,0,0,0,0,0,pre_miRNA
URS0000BE5020/Sphingomonas,78,54,12.0,66.0,0.18181818181818182,74.07407407407408,73.07692307692307,0.4985754985755051,73.57549857549857,0.006776379477250815,pre_miRNA
URS0000BE5F59/Sphingomonas,105,105,0.0,105.0,0.0,72.38095238095238,72.38095238095238,0.0,72.38095238095238,0.0,pre_miRNA
URS0000BE62E7/Sphingomonas,0,0,0,0,0,0,0,0,0,0,pre_miRNA
URS0000BE6429/Sphingomonas,9,9,0.0,9.0,0.0,33.33333333333333,33.33333333333333,0.0,33.33333333333333,0.0,pre_miRNA
URS0000BE6735/Sphingomonas,0,0,0,0,0,0,0,0,0,0,pre_miRNA
URS0000BE781E/Sphingomonas,0,0,0,0,0,0,0,0,0,0,pre_miRNA
URS0000BE79F2/Sphingomonas,0,0,0,0,0,0,0,0,0,0,pre_miRNA
URS0000BE7B71/Sphingomonas,0,0,0,0,0,0,0,0,0,0,pre_miRNA
URS0000BE82D5/Bradyrhizobium,45,45,0.0,45.0,0.0,66.66666666666666,66.66666666666666,0.0,66.66666666666666,0.0,pre_miRNA
URS0000BE9662/Sphingopyxis,48,48,0.0,48.0,0.0,75.0,75.0,0.0,75.0,0.0,pre_miRNA
URS0000BE9AD0/Sphingomonas,0,0,0,0,0,0,0,0,0,0,pre_miRNA
URS0000BEAFF2/Deinococcus,57,57,0.0,57.0,0.0,52.63157894736842,52.63157894736842,0.0,52.63157894736842,0.0,pre_miRNA
URS0000BEB739/Anaerosporomusa,0,0,0,0,0,0,0,0,0,0,pre_miRNA
URS0000BEB76A/Sphingomonas,0,0,0,0,0,0,0,0,0,0,pre_miRNA
URS0000BEBBB1/Sphingomonas,0,0,0,0,0,0,0,0,0,0,pre_miRNA
URS0000BEC6A5/Sphingomonas,0,0,0,0,0,0,0,0,0,0,pre_miRNA
URS0000BECEE6/Sphingomonas,0,0,0,0,0,0,0,0,0,0,pre_miRNA
URS0000BED9F9/Deinococcus,0,0,0,0,0,0,0,0,0,0,pre_miRNA
URS0000BEDF5C/Sphingomonas,0,0,0,0,0,0,0,0,0,0,pre_miRNA
URS0000BEE2C5/Methylobacterium,0,0,0,0,0,0,0,0,0,0,pre_miRNA
URS0000BEE9FA/Sphingomonas,0,0,0,0,0,0,0,0,0,0,pre_miRNA
URS0000BEF037/Sphingomonas,0,0,0,0,0,0,0,0,0,0,pre_miRNA
URS0000BF096B/Sphingomonas,0,0,0,0,0,0,0,0,0,0,pre_miRNA
URS0000BF0A88/Sphingomonas,0,0,0,0,0,0,0,0,0,0,pre_miRNA
URS0000BF12CF/Microbacterium,0,0,0,0,0,0,0,0,0,0,pre_miRNA
URS0000BF40F4/Streptomyces,0,0,0,0,0,0,0,0,0,0,pre_miRNA
URS0000BF48FD/Streptomyces,0,0,0,0,0,0,0,0,0,0,pre_miRNA
URS0000BF526C/Sphingomonas,9,9,0.0,9.0,0.0,33.33333333333333,33.33333333333333,0.0,33.33333333333333,0.0,pre_miRNA
URS0000BF6027/Kocuria,0,0,0,0,0,0,0,0,0,0,pre_miRNA
URS0000BF6D1B/Tetrasphaera,0,0,0,0,0,0,0,0,0,0,pre_miRNA
URS0000BF7A47/Mobilicoccus,0,0,0,0,0,0,0,0,0,0,pre_miRNA
URS0000BF7F0C/Novosphingobium,0,0,0,0,0,0,0,0,0,0,pre_miRNA
URS0000BF837D/Oerskovia,0,0,0,0,0,0,0,0,0,0,pre_miRNA
URS0000BFADF4/Sphingomonas,0,0,0,0,0,0,0,0,0,0,pre_miRNA
URS0000BFB0F6/Arsenicicoccus,33,33,0.0,33.0,0.0,54.54545454545454,54.54545454545454,0.0,54.54545454545454,0.0,pre_miRNA
URS0000BFC365/Streptomyces,0,0,0,0,0,0,0,0,0,0,pre_miRNA
URS0000BFC90D/Litoreibacter,66,66,0.0,66.0,0.0,69.6969696969697,69.6969696969697,0.0,69.6969696969697,0.0,pre_miRNA
URS0000BFC939/Sphingomonas,0,0,0,0,0,0,0,0,0,0,pre_miRNA
URS0000BFDA12/Sphingopyxis,0,0,0,0,0,0,0,0,0,0,pre_miRNA
URS0000C0074F/Sphingopyxis,0,0,0,0,0,0,0,0,0,0,pre_miRNA
URS0000C017E4/Streptomyces,0,0,0,0,0,0,0,0,0,0,pre_miRNA
URS0000C02D48/Sphingopyxis,0,0,0,0,0,0,0,0,0,0,pre_miRNA
URS0000C031A2/Rathayibacter,0,0,0,0,0,0,0,0,0,0,pre_miRNA
URS0000C05095/Devosia,21,9,5.656854249492381,17.0,0.3327561323230812,47.61904761904761,44.44444444444444,1.4965222882254954,46.56084656084656,0.03214121732666121,pre_miRNA
URS0000C08AB5/Devosia,0,0,0,0,0,0,0,0,0,0,pre_miRNA
URS0000C097DC/Devosia,0,0,0,0,0,0,0,0,0,0,pre_miRNA
URS0000C0B148/Mycobacterium,0,0,0,0,0,0,0,0,0,0,pre_miRNA
URS0000C0EC20/Janthinobacterium,0,0,0,0,0,0,0,0,0,0,pre_miRNA
URS0000C0F09D/Pseudomonas,42,42,0.0,42.0,0.0,59.523809523809526,59.523809523809526,0.0,59.523809523809526,0.0,pre_miRNA
URS0000C10B45/Bifidobacterium,0,0,0,0,0,0,0,0,0,0,pre_miRNA
URS0000C1AA4D/Pseudomonas,9,9,0.0,9.0,0.0,55.55555555555556,55.55555555555556,0.0,55.55555555555556,0.0,pre_miRNA
URS0000C22E75/Bifidobacterium,0,0,0,0,0,0,0,0,0,0,pre_miRNA
URS0000C281DA/Nitrospirae,0,0,0,0,0,0,0,0,0,0,pre_miRNA
URS0000C28DE7/Bifidobacterium,0,0,0,0,0,0,0,0,0,0,pre_miRNA
URS0000C35532/Hymenobacter,0,0,0,0,0,0,0,0,0,0,pre_miRNA
URS0000C481A2/Pontibacillus,0,0,0,0,0,0,0,0,0,0,pre_miRNA
URS0000C49401/Pseudomonas,0,0,0,0,0,0,0,0,0,0,pre_miRNA
URS0000C5A4BE/Clostridium,45,45,0.0,45.0,0.0,46.666666666666664,46.666666666666664,0.0,46.666666666666664,0.0,pre_miRNA
URS0000C612E3/Nitrospira,27,27,0.0,27.0,0.0,66.66666666666666,66.66666666666666,0.0,66.66666666666666,0.0,pre_miRNA
URS0000C76CF7/Nocardia,63,9,27.0,36.0,0.75,57.14285714285714,44.44444444444444,6.349206349206348,50.79365079365079,0.12499999999999999,pre_miRNA
URS0000C8A37D/Hymenobacter,12,12,0.0,12.0,0.0,50.0,50.0,0.0,50.0,0.0,pre_miRNA
URS0000CB17AE/Pseudobutyrivibrio,0,0,0,0,0,0,0,0,0,0,pre_miRNA
URS0000D4AADA/Ruminococcus,0,0,0,0,0,0,0,0,0,0,pre_miRNA
URS0000D54FCF/Herpesvirus,0,0,0,0,0,0,0,0,0,0,pre_miRNA
URS0000D558FD/Herpesvirus,0,0,0,0,0,0,0,0,0,0,pre_miRNA
URS0000D55E2F/Herpesvirus,0,0,0,0,0,0,0,0,0,0,pre_miRNA
URS0000D785C6/Micromonospora,0,0,0,0,0,0,0,0,0,0,pre_miRNA
URS0000D79142/Jiangella,0,0,0,0,0,0,0,0,0,0,pre_miRNA
URS0000D7A3F3/Sphingopyxis,12,12,0.0,12.0,0.0,41.66666666666667,41.66666666666667,0.0,41.66666666666667,0.0,pre_miRNA
URS0000D7AD65/Sphingomonas,0,0,0,0,0,0,0,0,0,0,pre_miRNA
URS0000D7CEA0/Acidobacteria,0,0,0,0,0,0,0,0,0,0,pre_miRNA
URS0000D7D9E8/Hymenobacter,0,0,0,0,0,0,0,0,0,0,pre_miRNA
URS0000D7E2C7/Pseudonocardia,0,0,0,0,0,0,0,0,0,0,pre_miRNA
URS0000D7E4C0/Sphingopyxis,0,0,0,0,0,0,0,0,0,0,pre_miRNA
URS0000D7FA9B/Jiangella,0,0,0,0,0,0,0,0,0,0,pre_miRNA
URS0000D80279/Massilia,6,6,0.0,6.0,0.0,33.33333333333333,33.33333333333333,0.0,33.33333333333333,0.0,pre_miRNA
URS0000D80425/Sphingomonas,0,0,0,0,0,0,0,0,0,0,pre_miRNA
URS0000D8052E/Betaproteobacteria,0,0,0,0,0,0,0,0,0,0,pre_miRNA
URS0000D83EA8/Sphingomonas,0,0,0,0,0,0,0,0,0,0,pre_miRNA
URS0000D85B57/Tessaracoccus,0,0,0,0,0,0,0,0,0,0,pre_miRNA
URS0000D86A8F/Sphingopyxis,15,15,0.0,15.0,0.0,46.666666666666664,46.666666666666664,0.0,46.666666666666664,0.0,pre_miRNA
URS0000D88C5D/Arthrobacter,0,0,0,0,0,0,0,0,0,0,pre_miRNA
URS0000D8AC48/Massilia,9,9,0.0,9.0,0.0,33.33333333333333,33.33333333333333,0.0,33.33333333333333,0.0,pre_miRNA
URS0000D90A97/Actinomycetales,0,0,0,0,0,0,0,0,0,0,pre_miRNA
URS0000D91301/Desulfotomaculum,84,84,0.0,84.0,0.0,40.476190476190474,40.476190476190474,0.0,40.476190476190474,0.0,pre_miRNA
URS0000D91B42/Streptomyces,0,0,0,0,0,0,0,0,0,0,pre_miRNA
URS0000D92845/Arthrobacter,0,0,0,0,0,0,0,0,0,0,pre_miRNA
URS0000D949AA/Mycobacterium,0,0,0,0,0,0,0,0,0,0,pre_miRNA
URS0000D94D89/Actinophytocola,0,0,0,0,0,0,0,0,0,0,pre_miRNA
URS0000D95B23/Acinetobacter,0,0,0,0,0,0,0,0,0,0,pre_miRNA
URS0000D962D8/Massilia,0,0,0,0,0,0,0,0,0,0,pre_miRNA
URS0000D98978/Hymenobacter,0,0,0,0,0,0,0,0,0,0,pre_miRNA
URS0000D9A81E/Spirosoma,114,60,27.0,87.0,0.3103448275862069,58.333333333333336,48.24561403508772,5.043859649122808,53.28947368421053,0.0946502057613169,pre_miRNA
URS0000D9D09D/Rhodococcus,0,0,0,0,0,0,0,0,0,0,pre_miRNA
URS0000D9EF0E/Verrucomicrobia,0,0,0,0,0,0,0,0,0,0,pre_miRNA
URS0000D9F2CD/Brevibacterium,0,0,0,0,0,0,0,0,0,0,pre_miRNA
URS0000DA1361/Acidobacteria,0,0,0,0,0,0,0,0,0,0,pre_miRNA
URS0000DA2D0D/Deltaproteobacteria,0,0,0,0,0,0,0,0,0,0,pre_miRNA
URS0000DA4895/Actinomadura,0,0,0,0,0,0,0,0,0,0,pre_miRNA
URS0000DA519A/Streptomyces,0,0,0,0,0,0,0,0,0,0,pre_miRNA
URS0000DA719C/Devosia,0,0,0,0,0,0,0,0,0,0,pre_miRNA
URS0000DA7266/Pseudomonas,42,42,0.0,42.0,0.0,54.761904761904766,54.761904761904766,0.0,54.761904761904766,0.0,pre_miRNA
URS0000DA7307/Microbacterium,0,0,0,0,0,0,0,0,0,0,pre_miRNA
URS0000DA8C51/Methylibium,9,9,0.0,9.0,0.0,44.44444444444444,44.44444444444444,0.0,44.44444444444444,0.0,pre_miRNA
URS0000DAAB30/Massilia,9,9,0.0,9.0,0.0,33.33333333333333,33.33333333333333,0.0,33.33333333333333,0.0,pre_miRNA
URS0000DAB279/Hymenobacter,0,0,0,0,0,0,0,0,0,0,pre_miRNA
URS0000DAD334/Pseudonocardia,0,0,0,0,0,0,0,0,0,0,pre_miRNA
URS0000DADC5D/Thioalkalivibrio,0,0,0,0,0,0,0,0,0,0,pre_miRNA
URS0000DB1A18/Planctomycetaceae,0,0,0,0,0,0,0,0,0,0,pre_miRNA
URS0000DB1AFC/Hymenobacter,0,0,0,0,0,0,0,0,0,0,pre_miRNA
URS0000DB4C1A/Massilia,12,12,0.0,12.0,0.0,50.0,50.0,0.0,50.0,0.0,pre_miRNA
URS0000DB5059/Arthrobacter,0,0,0,0,0,0,0,0,0,0,pre_miRNA
URS0000DB5623/Microbacterium,0,0,0,0,0,0,0,0,0,0,pre_miRNA
URS0000DB61A1/Massilia,9,9,0.0,9.0,0.0,44.44444444444444,44.44444444444444,0.0,44.44444444444444,0.0,pre_miRNA
URS0000DB649E/Streptomyces,0,0,0,0,0,0,0,0,0,0,pre_miRNA
URS0000DC1BE2/Acidovorax,0,0,0,0,0,0,0,0,0,0,pre_miRNA
URS0000DF4502/Bacillus,0,0,0,0,0,0,0,0,0,0,pre_miRNA
nameseq,maximum_ORF_length,minimum_ORF_length,std_ORF_length,average_ORF_length,cv_ORF_length,maximum_GC_content_ORF,minimum_GC_content_ORF,std_GC_content_ORF,average_GC_content_ORF,cv_GC_content_ORF,label
URS00021A1CF1/Rhizobium,0,0,0,0,0,0,0,0,0,0,miRNA
URS0000BFE8E2/Cellulomonas,0,0,0,0,0,0,0,0,0,0,miRNA
URS00021A4D13/Rhizobium,0,0,0,0,0,0,0,0,0,0,miRNA
URS000042D190/Thiovulum,0,0,0,0,0,0,0,0,0,0,miRNA
URS0000D17674/Pseudomonas,15,15,0.0,15.0,0.0,26.666666666666668,26.666666666666668,0.0,26.666666666666668,0.0,miRNA
URS00015DACAF/Calothrix,0,0,0,0,0,0,0,0,0,0,miRNA
URS0002198906/Sphingobium,27,27,0.0,27.0,0.0,62.96296296296296,62.96296296296296,0.0,62.96296296296296,0.0,miRNA
URS0000CD4849/Chitinophaga,75,75,0.0,75.0,0.0,34.66666666666667,34.66666666666667,0.0,34.66666666666667,0.0,miRNA
URS0000150FA2/Capnocytophaga,0,0,0,0,0,0,0,0,0,0,miRNA
URS00021CC6AA/Sphingomonas,0,0,0,0,0,0,0,0,0,0,miRNA
URS0000E585FE/Stenotrophomonas,0,0,0,0,0,0,0,0,0,0,miRNA
URS0000D98971/alpha,0,0,0,0,0,0,0,0,0,0,miRNA
URS0000EE73AD/Larkinella,51,18,15.556349186104045,29.0,0.5364258340035878,39.21568627450981,27.77777777777778,5.31652912501631,35.29411764705882,0.15063499187546214,miRNA
URS0000AFF374/Curtobacterium,0,0,0,0,0,0,0,0,0,0,miRNA
URS00009D4E29/Endozoicomonas,45,15,15.0,30.0,0.5,42.22222222222222,26.666666666666668,7.777777777777777,34.44444444444444,0.22580645161290322,miRNA
URS0000C01462/Microbacterium,0,0,0,0,0,0,0,0,0,0,miRNA
URS00000A9208/Pseudomonas,0,0,0,0,0,0,0,0,0,0,miRNA
URS000029891A/Brevibacillus,0,0,0,0,0,0,0,0,0,0,miRNA
URS0000CF236C/Massilia,63,63,0.0,63.0,0.0,41.269841269841265,41.269841269841265,0.0,41.269841269841265,0.0,miRNA
URS0002248398/Reyranella,18,18,0.0,18.0,0.0,61.111111111111114,61.111111111111114,0.0,61.111111111111114,0.0,miRNA
URS0000E1AB64/Enterobacter,0,0,0,0,0,0,0,0,0,0,miRNA
URS0000C49FE7/Sinomonas,0,0,0,0,0,0,0,0,0,0,miRNA
URS00008356F5/Tannerella,48,48,0.0,48.0,0.0,31.25,31.25,0.0,31.25,0.0,miRNA
URS00021CBE47/Sphingopyxis,0,0,0,0,0,0,0,0,0,0,miRNA
URS0000C0288F/Rhizobium,0,0,0,0,0,0,0,0,0,0,miRNA
URS0001D72086/Novosphingobium,0,0,0,0,0,0,0,0,0,0,miRNA
URS00021BEF76/Sphingomonas,0,0,0,0,0,0,0,0,0,0,miRNA
URS00021AB608/Sphingopyxis,0,0,0,0,0,0,0,0,0,0,miRNA
URS0002198786/Sphingopyxis,0,0,0,0,0,0,0,0,0,0,miRNA
URS0000BEEA4E/Streptomyces,0,0,0,0,0,0,0,0,0,0,miRNA
URS00001AA81F/Capnocytophaga,0,0,0,0,0,0,0,0,0,0,miRNA
URS000219822E/Rufibacter,0,0,0,0,0,0,0,0,0,0,miRNA
URS00021B3C01/Rhizobium,0,0,0,0,0,0,0,0,0,0,miRNA
URS00021E9BD3/Sphingomonas,0,0,0,0,0,0,0,0,0,0,miRNA
URS0001D5071E/Novosphingobium,0,0,0,0,0,0,0,0,0,0,miRNA
URS0000D78847/Sphingomonas,0,0,0,0,0,0,0,0,0,0,miRNA
URS0000D4F3F3/Flagellimonas,0,0,0,0,0,0,0,0,0,0,miRNA
URS00021BE5B2/Novosphingobium,0,0,0,0,0,0,0,0,0,0,miRNA
URS0000BFE0FF/Sphingomonas,0,0,0,0,0,0,0,0,0,0,miRNA
URS0000D06934/Chitinophaga,9,9,0.0,9.0,0.0,11.11111111111111,11.11111111111111,0.0,11.11111111111111,0.0,miRNA
URS0000AED495/Curtobacterium,0,0,0,0,0,0,0,0,0,0,miRNA
URS0000DD9BD1/Arenicella,0,0,0,0,0,0,0,0,0,0,miRNA
URS0000BFF04E/Frigoribacterium,0,0,0,0,0,0,0,0,0,0,miRNA
URS0000C02E06/Sphingomonas,0,0,0,0,0,0,0,0,0,0,miRNA
URS00021C38D5/Hymenobacter,0,0,0,0,0,0,0,0,0,0,miRNA
URS0000DDA360/Pseudomonas,0,0,0,0,0,0,0,0,0,0,miRNA
URS0000E1BD7C/Inmirania,27,27,0.0,27.0,0.0,74.07407407407408,74.07407407407408,0.0,74.07407407407408,0.0,miRNA
URS000013F801/Capnocytophaga,12,12,0.0,12.0,0.0,50.0,50.0,0.0,50.0,0.0,miRNA
URS00021BAA8D/Sphingopyxis,0,0,0,0,0,0,0,0,0,0,miRNA
URS0000D553A1/Flagellimonas,0,0,0,0,0,0,0,0,0,0,miRNA
URS00021A7552/Rufibacter,0,0,0,0,0,0,0,0,0,0,miRNA
URS00021D10CD/Sphingomonas,0,0,0,0,0,0,0,0,0,0,miRNA
nameseq,maximum_ORF_length,minimum_ORF_length,std_ORF_length,average_ORF_length,cv_ORF_length,maximum_GC_content_ORF,minimum_GC_content_ORF,std_GC_content_ORF,average_GC_content_ORF,cv_GC_content_ORF,label
URS0000BF2FA7/Sphingopyxis,0,0,0,0,0,0,0,0,0,0,pre_miRNA
URS0000BE6752/Sphingomonas,0,0,0,0,0,0,0,0,0,0,pre_miRNA
URS0000BF8D17/Sphingopyxis,0,0,0,0,0,0,0,0,0,0,pre_miRNA
URS0000BE22F3/Mesorhizobium,0,0,0,0,0,0,0,0,0,0,pre_miRNA
URS00006F0512/Spirosoma,0,0,0,0,0,0,0,0,0,0,pre_miRNA
URS0000BE1C2F/Skermanella,0,0,0,0,0,0,0,0,0,0,pre_miRNA
URS00020D1C70/Rhizobacter,0,0,0,0,0,0,0,0,0,0,pre_miRNA
URS0000BEA28D/Sphingomonas,0,0,0,0,0,0,0,0,0,0,pre_miRNA
URS0000BF7AE6/Sphingomonas,0,0,0,0,0,0,0,0,0,0,pre_miRNA
URS00008553BA/Marinomonas,0,0,0,0,0,0,0,0,0,0,pre_miRNA
URS000067D154/Streptomyces,0,0,0,0,0,0,0,0,0,0,pre_miRNA
URS0000BE5A41/Sphingomonas,0,0,0,0,0,0,0,0,0,0,pre_miRNA
URS00021EB78D/Bradyrhizobium,39,39,0.0,39.0,0.0,64.1025641025641,64.1025641025641,0.0,64.1025641025641,0.0,pre_miRNA
URS0000BEF609/Streptomyces,0,0,0,0,0,0,0,0,0,0,pre_miRNA
URS0000EC6E37/Halomonas,0,0,0,0,0,0,0,0,0,0,pre_miRNA
URS0000C2C55C/Desulfobacterales,9,9,0.0,9.0,0.0,44.44444444444444,44.44444444444444,0.0,44.44444444444444,0.0,pre_miRNA
URS0000BE408A/Agrobacterium,0,0,0,0,0,0,0,0,0,0,pre_miRNA
URS0000D889E0/Rhizobiales,0,0,0,0,0,0,0,0,0,0,pre_miRNA
URS0000E50A96/Oceanibaculum,0,0,0,0,0,0,0,0,0,0,pre_miRNA
URS0000AE87C8/Eubacterium,0,0,0,0,0,0,0,0,0,0,pre_miRNA
URS0000D971FC/Massilia,9,6,1.5,7.5,0.2,33.33333333333333,33.33333333333333,0.0,33.33333333333333,0.0,pre_miRNA
URS0000BFBC2E/Leucobacter,0,0,0,0,0,0,0,0,0,0,pre_miRNA
URS0000BFF497/Sphingomonas,0,0,0,0,0,0,0,0,0,0,pre_miRNA
URS0000D9DEE9/Devosia,0,0,0,0,0,0,0,0,0,0,pre_miRNA
URS0000D8A657/Sphingomonas,0,0,0,0,0,0,0,0,0,0,pre_miRNA
URS0000D8E032/Streptomyces,0,0,0,0,0,0,0,0,0,0,pre_miRNA
URS0000649613/Sphingomonas,0,0,0,0,0,0,0,0,0,0,pre_miRNA
URS000065B9E4/Streptomyces,0,0,0,0,0,0,0,0,0,0,pre_miRNA
URS0000D99DA0/Arthrobacter,0,0,0,0,0,0,0,0,0,0,pre_miRNA
URS0000AF277C/Paenibacillus,0,0,0,0,0,0,0,0,0,0,pre_miRNA
URS0000687A57/Ktedonobacter,9,9,0.0,9.0,0.0,33.33333333333333,33.33333333333333,0.0,33.33333333333333,0.0,pre_miRNA
URS0000C0118F/Streptomyces,0,0,0,0,0,0,0,0,0,0,pre_miRNA
URS0000D991C0/Rathayibacter,0,0,0,0,0,0,0,0,0,0,pre_miRNA
URS00021DF12A/Sphingopyxis,36,36,0.0,36.0,0.0,75.0,75.0,0.0,75.0,0.0,pre_miRNA
URS0000B0BC7D/Lachnospiraceae,0,0,0,0,0,0,0,0,0,0,pre_miRNA
URS0000AC0ECC/Acetitomaculum,0,0,0,0,0,0,0,0,0,0,pre_miRNA
URS0000BE114D/Sphingomonas,0,0,0,0,0,0,0,0,0,0,pre_miRNA
URS0000BE58D7/Arenimonas,0,0,0,0,0,0,0,0,0,0,pre_miRNA
URS000068C700/Sphingomonas,0,0,0,0,0,0,0,0,0,0,pre_miRNA
URS0000D881AF/Streptomyces,0,0,0,0,0,0,0,0,0,0,pre_miRNA
URS0000D83E5C/Microlunatus,0,0,0,0,0,0,0,0,0,0,pre_miRNA
URS0000680C4C/Sphingomonas,0,0,0,0,0,0,0,0,0,0,pre_miRNA
URS0000BEB4BE/Sphingomonas,0,0,0,0,0,0,0,0,0,0,pre_miRNA
URS0000BE5EA8/Sphingopyxis,30,30,0.0,30.0,0.0,63.33333333333333,63.33333333333333,0.0,63.33333333333333,0.0,pre_miRNA
URS0000D9EAEF/Kocuria,0,0,0,0,0,0,0,0,0,0,pre_miRNA
URS0000B96FD8/Bacillus,0,0,0,0,0,0,0,0,0,0,pre_miRNA
URS0000BFE61A/Sphingomonas,0,0,0,0,0,0,0,0,0,0,pre_miRNA
URS0000C4B726/Paramesorhizobium,0,0,0,0,0,0,0,0,0,0,pre_miRNA
URS0001DDD6A3/Novosphingobium,0,0,0,0,0,0,0,0,0,0,pre_miRNA
URS00006F626E/Sphingomonas,0,0,0,0,0,0,0,0,0,0,pre_miRNA
